seqnames	start	end	width	strand	annotation	geneChr	geneStart	geneEnd	geneLength	geneStrand	geneId	transcriptId	distanceToTSS	ENSEMBL	SYMBOL	GENENAME
chr4	1201588	1203168	1581	*	Promoter (<=1kb)	4	1199613	1201357	1745	2	100130872	ENST00000505653.1	-231	NA	LOC100130872	uncharacterized LOC100130872
chr6	33084479	33085063	585	*	Exon (ENST00000418931.7/3115, exon 3 of 6)	6	33073502	33080775	7274	2	3113	ENST00000417724.1	-3704	ENSG00000231389	HLA-DPA1	major histocompatibility complex, class II, DP alpha 1
chr17	79004850	79005662	813	*	Promoter (<=1kb)	17	78997666	79006213	8548	2	124583	ENST00000592887.1	551	ENSG00000171302	CANT1	calcium activated nucleotidase 1
chr17	2169272	2169989	718	*	Intron (ENST00000263073.11/23293, intron 13 of 18)	17	2085783	2173071	87289	2	23293	ENST00000570874.1	3082	ENSG00000070366	SMG6	SMG6 nonsense mediated mRNA decay factor
chr1	203733914	203734559	646	*	Intron (ENST00000367218.7/493, intron 21 of 21)	1	203729581	203729705	125	1	677843	ENST00000408716.1	4333	ENSG00000221643	SNORA77	small nucleolar RNA, H/ACA box 77
chr11	67417958	67418365	408	*	Promoter (1-2kb)	11	67416196	67425605	9410	1	57571	ENST00000531388.1	1762	ENSG00000172508	CARNS1	carnosine synthase 1
chr10	135202522	135203200	679	*	Distal Intergenic	10	133623895	133626795	2901	2	441581	ENST00000425520.2	-1575727	ENSG00000225899	FRG2B	FSHD region gene 2 family member B
chr17	58499679	58500186	508	*	Intron (ENST00000579925.5/9110, intron 14 of 17)	17	58491481	58492738	1258	2	9110	ENST00000578259.1	-6941	ENSG00000108389	MTMR4	myotubularin related protein 4
chr8	107459734	107460168	435	*	Intron (ENST00000517746.6/284, intron 1 of 8)	8	107346983	107494995	148013	2	284	ENST00000520033.1	34827	ENSG00000154188	ANGPT1	angiopoietin 1
chr6	30297174	30297627	454	*	Promoter (<=1kb)	6	30286703	30296978	10276	2	414777	ENST00000659563.1	-196	ENSG00000231074	HCG18	HLA complex group 18
chr6	167507568	167508226	659	*	Distal Intergenic	6	167377859	167384510	6652	2	6953	ENST00000491085.1	-123058	ENSG00000203690	TCP10L3	t-complex 10 like 3, pseudogene
chr16	71523289	71523560	272	*	Promoter (1-2kb)	16	71525233	71538746	13514	1	10164	ENST00000338482.5	-1673	ENSG00000140835	CHST4	carbohydrate sulfotransferase 4
chr10	135123006	135123421	416	*	Distal Intergenic	10	133623895	133626795	2901	2	441581	ENST00000425520.2	-1496211	ENSG00000225899	FRG2B	FSHD region gene 2 family member B
chr17	80545020	80545636	617	*	Promoter (<=1kb)	17	80545468	80966368	420901	1	57521	ENST00000544334.6	0	ENSG00000141564	RPTOR	regulatory associated protein of MTOR complex 1
chr11	101454317	101454996	680	*	Promoter (<=1kb)	11	101453641	101455577	1937	2	7225	ENST00000532184.1	581	ENSG00000137672	TRPC6	transient receptor potential cation channel subfamily C member 6
chr20	3051954	3052483	530	*	Distal Intergenic	20	3046052	3048250	2199	1	64949	ENST00000380325.4	5902	ENSG00000125901	MRPS26	mitochondrial ribosomal protein S26
chr10	128993810	128994702	893	*	Distal Intergenic	10	128912879	128916271	3393	1	728327	ENST00000446589.1	80931	ENSG00000224190	LINC02667	long intergenic non-protein coding RNA 2667
chr19	49249932	49250688	757	*	Distal Intergenic	19	49210734	49211834	1101	1	54795	ENST00000597316.1	39198	ENSG00000130529	TRPM4	transient receptor potential cation channel subfamily M member 4
chr17	76975944	76976357	414	*	Distal Intergenic	17	76950474	76969156	18683	2	105371899	ENST00000564292.5	-6788	ENSG00000267568	LOC105371899	uncharacterized LOC105371899
chr22	21986960	21987106	147	*	Distal Intergenic	22	21971897	21982813	10917	2	8940	ENST00000430142.5	-4147	ENSG00000100038	TOP3B	DNA topoisomerase III beta
chr6	30130819	30131586	768	*	Distal Intergenic	6	30136124	30137198	1075	1	135644	ENST00000489892.1	-4538	ENSG00000204614	TRIM40	tripartite motif containing 40
chr6	24911111	24911615	505	*	Promoter (<=1kb)	6	24840297	24911070	70774	2	9750	ENST00000644411.1	-41	ENSG00000111913	RIPOR2	RHO family interacting cell polarization regulator 2
chr16	68270129	68271177	1049	*	Promoter (1-2kb)	16	68272979	68275095	2117	1	9057	ENST00000568024.1	-1802	ENSG00000103064	SLC7A6	solute carrier family 7 member 6
chr6	149805995	149806659	665	*	Intron (ENST00000367384.7/5110, intron 7 of 7)	6	149810040	149810908	869	1	5110	ENST00000480010.1	-3381	ENSG00000120265	PCMT1	protein-L-isoaspartate (D-aspartate) O-methyltransferase
chr8	19539991	19540809	819	*	Intron (ENST00000454498.6/55790, intron 3 of 9)	8	19506037	19532020	25984	2	55790	ENST00000522732.1	-7971	ENSG00000147408	CSGALNACT1	chondroitin sulfate N-acetylgalactosaminyltransferase 1
chr1	231155682	231156359	678	*	Distal Intergenic	1	231162058	231221565	59508	1	440730	ENST00000366653.6	-5699	ENSG00000119283	TRIM67	tripartite motif containing 67
chr20	748992	749620	629	*	Distal Intergenic	20	760080	765825	5746	2	113278	ENST00000473664.2	16205	ENSG00000101276	SLC52A3	solute carrier family 52 member 3
chr13	114889950	114890805	856	*	Distal Intergenic	13	114329559	114333948	4390	2	104355150	ENST00000446989.1	-556002	NA	LINC01054	long intergenic non-protein coding RNA 1054
chr17	9862752	9863293	542	*	Intron (ENST00000574745.5/9340, intron 9 of 12)	17	9842485	9860071	17587	1	9340	ENST00000304773.5	20267	ENSG00000065325	GLP2R	glucagon like peptide 2 receptor
chr16	1538347	1538826	480	*	Intron (ENST00000253934.9/79652, intron 2 of 3)	16	1533666	1555568	21903	1	79652	ENST00000566264.2	4681	ENSG00000131634	TMEM204	transmembrane protein 204
chr11	14993378	14994989	1612	*	Intron (ENST00000523376.5/797, intron 6 of 9)	11	14968501	14972351	3851	2	796	ENST00000331587.9	-21027	ENSG00000110680	CALCA	calcitonin related polypeptide alpha
chr6	42927940	42928920	981	*	Promoter (<=1kb)	6	42929192	42938170	8979	1	10695	ENST00000394142.7	-272	ENSG00000137161	CNPY3	canopy FGF signaling regulator 3
chr3	147125712	147127193	1482	*	Intron (ENST00000473299.1/ENST00000473299.1, intron 3 of 5)	3	146921963	146925218	3256	1	101927866	ENST00000471638.1	203749	ENSG00000242671	LINC02010	long intergenic non-protein coding RNA 2010
chr4	66535145	66536772	1628	*	Distal Intergenic	4	66276824	66276928	105	1	100302177	ENST00000408636.1	258321	ENSG00000221563	MIR1269A	microRNA 1269a
chr9	124989241	124991435	2195	*	Intron (ENST00000336505.11/286205, intron 14 of 17)	9	124952869	124999923	47055	2	286205	ENST00000467917.5	8488	ENSG00000173611	SCAI	suppressor of cancer cell invasion
chr7	45960806	45962236	1431	*	Intron (ENST00000664963.1/102723446, intron 1 of 4)	7	45969657	45980191	10535	1	102723446	ENST00000416708.1	-7421	NA	LOC102723446	uncharacterized LOC102723446
chr10	102279330	102279954	625	*	Intron (ENST00000676513.1/8729, intron 3 of 39)	10	102284010	102344182	60173	1	8729	ENST00000677852.1	-4056	ENSG00000107862	GBF1	golgi brefeldin A resistant guanine nucleotide exchange factor 1
chr7	153584038	153584873	836	*	Distal Intergenic	7	153399919	153413985	14067	2	103724390	ENST00000660414.1	-170053	ENSG00000234722	LINC01287	long intergenic non-protein coding RNA 1287
chr1	111742914	111743537	624	*	Intron (ENST00000658759.1/100506343, intron 1 of 2)	1	111739853	111746613	6761	1	100506343	ENST00000524935.1	3061	ENSG00000227811	INKA2-AS1	INKA2 antisense RNA 1
chr6	133561368	133562776	1409	*	Intron (ENST00000607033.5/100507308, intron 5 of 8)	6	133502386	133568648	66263	2	100507308	ENST00000666537.1	5872	ENSG00000227954	TARID	TCF21 antisense RNA inducing promoter demethylation
chr1	3567119	3568245	1127	*	Intron (ENST00000356575.9/1953, intron 4 of 36)	1	3560695	3560790	96	2	693135	ENST00000385042.1	-6329	ENSG00000207776	MIR551A	microRNA 551a
chr6	29520698	29521803	1106	*	Distal Intergenic	6	29528721	29531240	2520	1	100507362	ENST00000658484.1	-6918	ENSG00000224582	LINC01015	long intergenic non-protein coding RNA 1015
chr16	51183988	51185772	1785	*	Intron (ENST00000642450.1/107984886, intron 1 of 3)	16	51152125	51356666	204542	1	107984886	ENST00000643626.1	31863	NA	LOC107984886	uncharacterized LOC107984886
chr6	31650735	31651291	557	*	Promoter (<=1kb)	6	31647591	31651920	4330	2	7917	ENST00000434444.5	629	ENSG00000204463	BAG6	BAG cochaperone 6
chr6	28602513	28603437	925	*	Intron (ENST00000530247.1/114821, intron 1 of 4)	6	28570535	28598030	27496	2	114821	ENST00000646382.1	-4483	ENSG00000232040	ZBED9	zinc finger BED-type containing 9
chr16	2286287	2287294	1008	*	Promoter (2-3kb)	16	2281393	2283972	2580	2	21	ENST00000569062.1	-2315	ENSG00000167972	ABCA3	ATP binding cassette subfamily A member 3
chr1	25291385	25292274	890	*	Intron (ENST00000564398.5/6007, intron 3 of 6)	1	25272548	25329211	56664	1	6007	ENST00000568195.5	18837	ENSG00000187010	RHD	Rh blood group D antigen
chr8	38831148	38831857	710	*	5' UTR	8	38824652	38827288	2637	1	6867	ENST00000517336.1	6496	ENSG00000147526	TACC1	transforming acidic coiled-coil containing protein 1
chr22	24890690	24891141	452	*	Intron (ENST00000610372.4/129049, intron 17 of 24)	22	24844741	24924593	79853	1	129049	ENST00000480523.1	45949	ENSG00000167037	SGSM1	small G protein signaling modulator 1
chr2	231090329	231091055	727	*	Intron (ENST00000677230.1/5707, intron 16 of 23)	2	231085080	231109122	24043	1	5707	ENST00000488354.1	5249	ENSG00000173692	PSMD1	proteasome 26S subunit, non-ATPase 1
chr7	27169957	27171213	1257	*	Promoter (<=1kb)	7	27163307	27170498	7192	2	3205	ENST00000487384.5	0	ENSG00000078399	HOXA9	homeobox A9
chr11	32449254	32450692	1439	*	Intron (ENST00000525436.1/51352, intron 1 of 4)	11	32437623	32438326	704	1	51352	ENST00000478367.5	11631	ENSG00000183242	WT1-AS	WT1 antisense RNA
chr21	46340351	46341389	1039	*	Intron (ENST00000490468.5/5116, intron 3 of 7)	21	46346138	46353303	7166	1	5116	ENST00000466474.5	-4749	ENSG00000160299	PCNT	pericentrin
chr7	121943705	121946213	2509	*	Intron (ENST00000651065.1/5803, intron 2 of 30)	7	122011208	122013312	2105	1	5803	ENST00000483028.1	-64995	ENSG00000106278	PTPRZ1	protein tyrosine phosphatase receptor type Z1
chr11	44331893	44333192	1300	*	Distal Intergenic	11	44260440	44310139	49700	2	60529	ENST00000652299.1	-21754	ENSG00000052850	ALX4	ALX homeobox 4
chr2	63275509	63277030	1522	*	Intron (ENST00000272321.12/51057, intron 13 of 17)	2	63377849	63382074	4226	2	51057	ENST00000462652.1	105044	ENSG00000143951	WDPCP	WD repeat containing planar cell polarity effector
chr20	62367108	62368256	1149	*	Promoter (<=1kb)	20	62309065	62367312	58248	2	3911	ENST00000252999.7	0	ENSG00000130702	LAMA5	laminin subunit alpha 5
chr19	58220080	58220955	876	*	Distal Intergenic	19	58228594	58263644	35051	1	27300	ENST00000599227.5	-7639	ENSG00000198131	ZNF544	zinc finger protein 544
chr18	63417072	63417783	712	*	Intron (ENST00000238497.10/9525, intron 1 of 10)	18	63407376	63422390	15015	2	9525	ENST00000591519.1	4607	ENSG00000119541	VPS4B	vacuolar protein sorting 4 homolog B
chr20	20036632	20037346	715	*	Promoter (1-2kb)	20	20036006	20038452	2447	2	51340	ENST00000521379.1	1106	ENSG00000101343	CRNKL1	crooked neck pre-mRNA splicing factor 1
chr6	32116841	32117292	452	*	Promoter (<=1kb)	6	32098176	32117610	19435	2	1388	ENST00000494022.1	318	ENSG00000213676	ATF6B	activating transcription factor 6 beta
chr12	79257337	79258438	1102	*	Intron (ENST00000393240.7/6857, intron 5 of 11)	12	79291799	79353542	61744	1	6857	ENST00000549559.2	-33361	ENSG00000067715	SYT1	synaptotagmin 1
chr15	45421578	45422393	816	*	Downstream (<1kb)	15	45417695	45421337	3643	1	79029	ENST00000533841.1	3883	ENSG00000171763	SPATA5L1	spermatogenesis associated 5 like 1
chr2	21266500	21267113	614	*	Intron (ENST00000435237.1/105374320, intron 1 of 5)	2	21221185	21264086	42902	1	105374317	ENST00000457901.1	45315	NA	LOC105374317	uncharacterized LOC105374317
chr18	74960996	74962369	1374	*	Intron (ENST00000299687.10/55628, intron 8 of 8)	18	74877205	74898443	21239	1	55628	ENST00000581829.2	83791	ENSG00000215421	ZNF407	zinc finger protein 407
chr5	168727686	168729015	1330	*	Intron (ENST00000404867.7/6586, intron 16 of 31)	5	168707019	168710595	3577	1	101927969	ENST00000663926.1	20667	NA	SLIT3-AS2	SLIT3 antisense RNA 2
chr3	111717534	111718457	924	*	Intron (ENST00000636933.1/257068, intron 3 of 3)	3	111732461	111778458	45998	1	90102	ENST00000474484.1	-14004	ENSG00000144824	PHLDB2	pleckstrin homology like domain family B member 2
chr11	7041080	7042021	942	*	Intron (ENST00000299481.5/338323, intron 3 of 11)	11	7020479	7071526	51048	1	338323	ENST00000299481.5	20601	ENSG00000158077	NLRP14	NLR family pyrin domain containing 14
chr12	58013109	58013942	834	*	Distal Intergenic	12	57949741	57956940	7200	1	91419	ENST00000546709.1	63368	ENSG00000166896	ATP23	ATP23 metallopeptidase and ATP synthase assembly factor homolog
chr3	181443800	181445647	1848	*	Promoter (1-2kb)	3	181417026	181442597	25572	2	102724604	ENST00000671542.1	-1203	NA	LOC102724604	uncharacterized LOC102724604
chr12	96251548	96252338	791	*	Intron (ENST00000228741.8/2004, intron 3 of 4)	12	96255460	96267490	12031	1	2004	ENST00000549529.1	-3122	ENSG00000111145	ELK3	ETS transcription factor ELK3
chr8	142264769	142265246	478	*	Intron (ENST00000524325.6/203062, intron 12 of 13)	8	142271567	142279997	8431	2	203062	ENST00000521825.1	14751	ENSG00000171045	TSNARE1	t-SNARE domain containing 1
chr21	31311797	31312687	891	*	Intron (ENST00000286827.7/7074, intron 3 of 28)	21	31266296	31344279	77984	2	7074	ENST00000455508.1	31592	ENSG00000156299	TIAM1	TIAM Rac1 associated GEF 1
chr7	120629051	120629703	653	*	Intron (ENST00000331113.9/3751, intron 1 of 5)	7	120740844	120747738	6895	1	3751	ENST00000425288.1	-111141	ENSG00000184408	KCND2	potassium voltage-gated channel subfamily D member 2
chr3	24536077	24537469	1393	*	Intron (ENST00000630391.1/ENST00000630391.1, intron 2 of 4)	3	24498625	24499618	994	1	644990	ENST00000594183.1	37452	NA	THRB-AS1	THRB antisense RNA 1
chr9	35563534	35564160	627	*	Promoter (<=1kb)	9	35561831	35563874	2044	2	730112	ENST00000492890.5	0	ENSG00000215187	FAM166B	family with sequence similarity 166 member B
chr3	3151679	3152374	696	*	Promoter (1-2kb)	3	3150988	3154192	3205	2	51185	ENST00000498442.1	1818	ENSG00000113851	CRBN	cereblon
chr8	101348359	101349044	686	*	Distal Intergenic	8	101368910	101369550	641	1	83955	ENST00000519039.1	-19866	ENSG00000228224	NACA4P	NACA family member 4, pseudogene
chr4	154710224	154712145	1922	*	Intron (ENST00000502525.5/9227, intron 2 of 3)	4	154740838	154751035	10198	1	9227	ENST00000507827.5	-28693	ENSG00000121207	LRAT	lecithin retinol acyltransferase
chr14	102025815	102027172	1358	*	Promoter (<=1kb)	14	102026948	102027628	681	1	1778	ENST00000647119.1	0	ENSG00000197102	DYNC1H1	dynein cytoplasmic 1 heavy chain 1
chr12	59313254	59314530	1277	*	Distal Intergenic	12	59129511	59130875	1365	1	105369791	ENST00000657355.1	183743	NA	LRIG3-DT	LRIG3 divergent transcript
chr3	40428330	40428986	657	*	3' UTR	3	40364064	40453174	89111	2	285266	ENST00000669707.1	24188	ENSG00000223797	ENTPD3-AS1	ENTPD3 antisense RNA 1
chr1	42384002	42384647	646	*	Intron (ENST00000431473.4/284716, intron 1 of 4)	1	42380795	42410165	29371	1	284716	ENST00000410070.6	3207	ENSG00000177181	RIMKLA	ribosomal modification protein rimK like family member A
chr7	27142200	27143334	1135	*	Promoter (<=1kb)	7	27141807	27142775	969	2	3202	ENST00000520854.1	0	ENSG00000106004	HOXA5	homeobox A5
chr12	115134148	115135700	1553	*	Distal Intergenic	12	114762648	114767989	5342	1	107984437	ENST00000669628.1	371500	NA	LOC107984437	uncharacterized LOC107984437
chr11	2889602	2890725	1124	*	Promoter (<=1kb)	11	2888095	2889430	1336	2	5003	ENST00000526203.1	-172	ENSG00000254827	SLC22A18AS	solute carrier family 22 member 18 antisense
chr14	29235904	29236535	632	*	Intron (ENST00000652140.1/ENST00000652140.1, intron 1 of 4)	14	29266081	29275007	8927	2	102724934	ENST00000667237.1	38472	ENSG00000257522	LOC102724934	uncharacterized LOC102724934
chr3	52260090	52260671	582	*	Exon (ENST00000296490.8/80335, exon 5 of 9)	3	52254960	52268138	13179	2	80335	ENST00000487402.1	7467	ENSG00000164091	WDR82	WD repeat domain 82
chr6	106546323	106546824	502	*	Promoter (1-2kb)	6	106544584	106552314	7731	1	202	ENST00000487681.1	1739	ENSG00000112297	CRYBG1	crystallin beta-gamma domain containing 1
chr12	54426498	54428171	1674	*	Exon (ENST00000550474.5/102724050, exon 2 of 4)	12	54419785	54437104	17320	1	102724050	ENST00000552053.1	6713	ENSG00000258137	LOC102724050	uncharacterized LOC102724050
chr1	165324990	165326455	1466	*	Intron (ENST00000342310.7/4009, intron 3 of 8)	1	165203874	165355746	151873	2	4009	ENST00000367893.4	29291	ENSG00000162761	LMX1A	LIM homeobox transcription factor 1 alpha
chr12	45443735	45445385	1651	*	Exon (ENST00000546680.2/ENST00000546680.2, exon 1 of 1)	12	45335549	45347508	11960	1	196527	ENST00000551667.1	108186	ENSG00000177119	ANO6	anoctamin 6
chr4	4859772	4860698	927	*	Promoter (<=1kb)	4	4859665	4863936	4272	1	4487	ENST00000382723.5	107	ENSG00000163132	MSX1	msh homeobox 1
chr7	79081666	79083109	1444	*	Intron (ENST00000354212.9/9863, intron 1 of 21)	7	79139829	79177210	37382	1	105375366	ENST00000629240.1	-56720	NA	LOC105375366	uncharacterized LOC105375366
chr13	46425379	46426263	885	*	Intron (ENST00000409879.6/80183, intron 1 of 14)	13	46342967	46438190	95224	2	80183	ENST00000409879.6	11927	ENSG00000102445	RUBCNL	rubicon like autophagy enhancer
chr6	31543219	31543686	468	*	Promoter (<=1kb)	6	31530219	31542448	12230	2	100532737	ENST00000458640.5	-771	ENSG00000254870	ATP6V1G2-DDX39B	ATP6V1G2-DDX39B readthrough (NMD candidate)
chr22	24823050	24823554	505	*	Intron (ENST00000610372.4/129049, intron 2 of 24)	22	24806319	24925137	118819	1	129049	ENST00000400359.4	16731	ENSG00000167037	SGSM1	small G protein signaling modulator 1
chr5	113697330	113698847	1518	*	Distal Intergenic	5	113738106	113776837	38732	2	105379127	ENST00000660812.1	77990	ENSG00000286839	LOC105379127	uncharacterized LOC105379127
chr6	31539539	31540461	923	*	Promoter (<=1kb)	6	31530219	31540536	10318	2	100532737	ENST00000376177.6	75	ENSG00000254870	ATP6V1G2-DDX39B	ATP6V1G2-DDX39B readthrough (NMD candidate)
chr22	22901569	22902237	669	*	Distal Intergenic	22	22887829	22895825	7997	1	100423062	ENST00000531372.1	13740	ENSG00000254709	IGLL5	immunoglobulin lambda like polypeptide 5
chr1	209979111	209979779	669	*	Intron (ENST00000367019.5/255928, intron 2 of 8)	1	209952724	210164291	211568	1	255928	ENST00000367015.5	26387	ENSG00000143469	SYT14	synaptotagmin 14
chr4	166793789	166796212	2424	*	Intron (ENST00000541354.5/50859, intron 5 of 9)	4	166734147	167102557	368411	2	50859	ENST00000535728.5	306345	ENSG00000196104	SPOCK3	SPARC (osteonectin), cwcv and kazal like domains proteoglycan 3
chr9	1049898	1051165	1268	*	Promoter (<=1kb)	9	1050354	1057547	7194	1	10655	ENST00000382255.7	0	ENSG00000173253	DMRT2	doublesex and mab-3 related transcription factor 2
chr16	69140892	69141478	587	*	Promoter (<=1kb)	16	69142116	69150818	8703	1	84916	ENST00000569615.2	-638	ENSG00000141076	UTP4	UTP4 small subunit processome component
chr3	6902100	6903327	1228	*	Intron (ENST00000443259.1/2917, intron 4 of 4)	3	6892632	6894022	1391	2	105376946	ENST00000427748.1	-8078	ENSG00000237665	GRM7-AS2	GRM7 antisense RNA 2
chr1	27709634	27709928	295	*	Distal Intergenic	1	27725961	27763116	37156	1	199870	ENST00000373954.11	-16033	ENSG00000009780	FAM76A	family with sequence similarity 76 member A
chr1	91191583	91192803	1221	*	Distal Intergenic	1	91316140	91328937	12798	2	164045	ENST00000497520.1	136134	ENSG00000162669	HFM1	helicase for meiosis 1
chr1	230414987	230415902	916	*	Intron (ENST00000391860.7/79605, intron 1 of 6)	1	230314490	230426332	111843	2	79605	ENST00000391860.7	10430	ENSG00000177614	PGBD5	piggyBac transposable element derived 5
chr11	32451777	32452839	1063	*	Exon (ENST00000525436.1/51352, exon 2 of 5)	11	32437623	32438326	704	1	51352	ENST00000478367.5	14154	ENSG00000183242	WT1-AS	WT1 antisense RNA
chr5	140207247	140207636	390	*	Intron (ENST00000509589.5/84418, intron 2 of 3)	5	140175217	140228915	53699	1	84418	ENST00000644078.1	32030	ENSG00000120306	CYSTM1	cysteine rich transmembrane module containing 1
chr10	72362292	72362866	575	*	Distal Intergenic	10	72332830	72355149	22320	2	54788	ENST00000394903.6	-7143	ENSG00000148719	DNAJB12	DnaJ heat shock protein family (Hsp40) member B12
chr19	58545001	58545837	837	*	Promoter (<=1kb)	19	58545167	58545896	730	1	10155	ENST00000597968.1	0	ENSG00000130726	TRIM28	tripartite motif containing 28
chr12	104697126	104697620	495	*	Intron (ENST00000303694.6/50515, intron 2 of 2)	12	104591633	104591716	84	1	100500843	ENST00000585192.1	105493	ENSG00000264295	MIR3922	microRNA 3922
chr22	38092643	38093207	565	*	Intron (ENST00000332536.10/80115, intron 2 of 8)	22	38084652	38088977	4326	2	80115	ENST00000681084.1	-3666	ENSG00000128298	BAIAP2L2	BAR/IMD domain containing adaptor protein 2 like 2
chr12	4917950	4918391	442	*	3' UTR	12	4910368	4931361	20994	1	3736	ENST00000541095.1	7582	ENSG00000111262	KCNA1	potassium voltage-gated channel subfamily A member 1
chr3	62304134	62305285	1152	*	Intron (ENST00000661510.1/ENST00000661510.1, intron 1 of 1)	3	62294273	62318632	24360	2	100506994	ENST00000479588.1	13347	ENSG00000241472	PTPRG-AS1	PTPRG antisense RNA 1
chr11	105481283	105481988	706	*	Intron (ENST00000649856.1/105369468, intron 1 of 7)	11	105137721	105516002	378282	2	105369468	ENST00000649856.1	34014	NA	LOC105369468	uncharacterized LOC105369468
chr6	30095174	30095802	629	*	Distal Intergenic	6	30105240	30114724	9485	1	104533120	ENST00000440874.1	-9438	ENSG00000231226	TRIM31-AS1	TRIM31 antisense RNA 1
chr6	10415077	10416529	1453	*	Promoter (<=1kb)	6	10397915	10415206	17292	2	7020	ENST00000488193.7	0	ENSG00000137203	TFAP2A	transcription factor AP-2 alpha
chr5	134871462	134872957	1496	*	Promoter (1-2kb)	5	134874371	134900039	25669	1	79770	ENST00000511070.5	-1414	ENSG00000113621	TXNDC15	thioredoxin domain containing 15
chr10	129535138	129535898	761	*	Intron (ENST00000306010.8/4255, intron 1 of 4)	10	129467262	129537164	69903	1	4255	ENST00000482547.1	67876	ENSG00000170430	MGMT	O-6-methylguanine-DNA methyltransferase
chr1	190444666	190445262	597	*	Intron (ENST00000367462.5/339479, intron 2 of 7)	1	190454807	190474801	19995	2	339479	ENST00000445957.2	29539	ENSG00000162670	BRINP3	BMP/retinoic acid inducible neural specific 3
chr3	188664990	188665466	477	*	Intron (ENST00000448637.5/4026, intron 6 of 6)	3	188688781	188688866	86	1	407020	ENST00000384918.1	-23315	ENSG00000207651	MIR28	microRNA 28
chr6	33560953	33561264	312	*	Intron (ENST00000612409.1/449520, intron 2 of 5)	6	33572552	33580276	7725	2	578	ENST00000374467.4	19012	ENSG00000030110	BAK1	BCL2 antagonist/killer 1
chr12	116996359	116997095	737	*	Intron (ENST00000652555.1/26259, intron 7 of 10)	12	116977442	116987337	9896	2	100506551	ENST00000548738.1	-9022	ENSG00000257279	LOC100506551	uncharacterized LOC100506551
chr3	49459591	49460177	587	*	Distal Intergenic	3	49468703	49535618	66916	1	1605	ENST00000515359.6	-8526	ENSG00000173402	DAG1	dystroglycan 1
chr13	101173617	101174420	804	*	Promoter (1-2kb)	13	101116444	101176330	59887	2	259232	ENST00000467264.2	1910	ENSG00000102452	NALCN	sodium leak channel, non-selective
chr1	34630153	34632118	1966	*	Distal Intergenic	1	34669599	34669694	96	2	693137	ENST00000385206.1	37576	ENSG00000207941	MIR552	microRNA 552
chr7	27280914	27282005	1092	*	Distal Intergenic	7	27241429	27247229	5801	2	101410536	ENST00000517726.1	-33685	ENSG00000253405	EVX1-AS	EVX1 antisense RNA
chr6	29974531	29975141	611	*	Promoter (<=1kb)	6	29975112	29978410	3299	1	10255	ENST00000376800.7	0	ENSG00000204625	HCG9	HLA complex group 9
chr18	52626146	52626848	703	*	Intron (ENST00000442544.7/1630, intron 1 of 28)	18	52752032	53535903	783872	1	1630	ENST00000412726.5	-125184	ENSG00000187323	DCC	DCC netrin 1 receptor
chr8	24772137	24772513	377	*	Intron (ENST00000519689.1/101929294, intron 2 of 4)	8	24300885	24912073	611189	2	101929294	ENST00000519689.1	139560	NA	LOC101929294	uncharacterized LOC101929294
chr15	99789622	99790022	401	*	Distal Intergenic	15	99798123	99801179	3057	2	196968	ENST00000415963.2	11157	ENSG00000182397	DNM1P46	dynamin 1 pseudogene 46
chr12	9821504	9822287	784	*	Distal Intergenic	12	9827481	9845002	17522	1	51348	ENST00000617793.4	-5194	ENSG00000150045	KLRF1	killer cell lectin like receptor F1
chr11	69454423	69455438	1016	*	Distal Intergenic	11	69477133	69479940	2808	2	105379407	ENST00000542064.1	24502	ENSG00000255774	LINC02747	long intergenic non-protein coding RNA 2747
chr2	198650752	198651590	839	*	Intron (ENST00000440609.1/105373831, intron 1 of 2)	2	198493242	198629293	136052	2	105373831	ENST00000637390.1	-21459	NA	LOC105373831	uncharacterized LOC105373831
chr15	26109204	26109614	411	*	Distal Intergenic	15	26115726	26117122	1397	1	503519	ENST00000557523.2	-6112	ENSG00000259150	LINC00929	long intergenic non-protein coding RNA 929
chr1	155177561	155178215	655	*	Promoter (2-3kb)	1	155174754	155184971	10218	1	80128	ENST00000611379.1	2807	ENSG00000163462	TRIM46	tripartite motif containing 46
chr3	196065289	196065569	281	*	Promoter (<=1kb)	3	196062391	196065550	3160	2	7037	ENST00000464368.1	0	ENSG00000072274	TFRC	transferrin receptor
chr2	189156538	189157566	1029	*	Intron (ENST00000374866.9/1290, intron 1 of 53)	2	189031898	189179761	147864	2	1290	ENST00000374866.9	22195	ENSG00000204262	COL5A2	collagen type V alpha 2 chain
chr1	36038468	36039423	956	*	Intron (ENST00000634486.1/192669, intron 16 of 20)	1	36043264	36055262	11999	1	192669	ENST00000471099.1	-3841	ENSG00000126070	AGO3	argonaute RISC catalytic component 3
chr8	65291287	65292373	1087	*	Distal Intergenic	8	65167733	65184210	16478	2	552859	ENST00000650029.1	-107077	ENSG00000280725	LINC00251	long intergenic non-protein coding RNA 251
chr9	72435533	72436057	525	*	Distal Intergenic	9	72354458	72365235	10778	2	7763	ENST00000376960.8	-70298	ENSG00000107372	ZFAND5	zinc finger AN1-type containing 5
chr19	19280969	19281474	506	*	Promoter (<=1kb)	19	19276515	19281492	4978	2	57794	ENST00000592188.1	18	ENSG00000105705	SUGP1	SURP and G-patch domain containing 1
chr12	54410251	54410819	569	*	Promoter (2-3kb)	12	54411908	54413428	1521	2	3678	ENST00000547744.1	2609	ENSG00000161638	ITGA5	integrin subunit alpha 5
chr7	96654132	96655105	974	*	Intron (ENST00000466986.5/7979, intron 2 of 3)	7	96622430	96645932	23503	2	7979	ENST00000616956.1	-8200	ENSG00000127922	SEM1	SEM1 26S proteasome subunit
chr11	30038615	30038788	174	*	Distal Intergenic	11	30009730	30017030	7301	2	3739	ENST00000328224.7	-21585	ENSG00000182255	KCNA4	potassium voltage-gated channel subfamily A member 4
chr1	155290446	155290961	516	*	Promoter (1-2kb)	1	155288604	155289518	915	1	57657	ENST00000492035.1	1842	ENSG00000143630	HCN3	hyperpolarization activated cyclic nucleotide gated potassium channel 3
chr9	23821428	23822666	1239	*	Promoter (<=1kb)	9	23690104	23821480	131377	2	1993	ENST00000223951.10	0	ENSG00000107105	ELAVL2	ELAV like RNA binding protein 2
chr11	2161009	2161894	886	*	Promoter (<=1kb)	11	2159779	2161204	1426	2	3630	ENST00000397262.5	0	ENSG00000254647	INS	insulin
chr10	118608473	118609402	930	*	Distal Intergenic	10	118589997	118595648	5652	2	2834	ENST00000239032.4	-12825	ENSG00000119973	PRLHR	prolactin releasing hormone receptor
chr5	50678451	50679374	924	*	Intron (ENST00000503790.6/79668, intron 3 of 6)	5	50667893	50842342	174450	1	79668	ENST00000503561.7	10558	ENSG00000151883	PARP8	poly(ADP-ribose) polymerase family member 8
chr7	960115	960771	657	*	Intron (ENST00000457254.5/11033, intron 2 of 11)	7	897901	955407	57507	2	11033	ENST00000539900.5	-4708	ENSG00000105963	ADAP1	ArfGAP with dual PH domains 1
chr19	57182816	57183342	527	*	Distal Intergenic	19	57191500	57222846	31347	1	9422	ENST00000263095.10	-8158	ENSG00000083844	ZNF264	zinc finger protein 264
chr19	7766717	7767584	868	*	Promoter (<=1kb)	19	7766594	7769118	2525	1	10332	ENST00000602143.1	123	ENSG00000104938	CLEC4M	C-type lectin domain family 4 member M
chr6	30881112	30881920	809	*	Promoter (<=1kb)	6	30881295	30884707	3413	1	780	ENST00000482050.1	0	ENSG00000204580	DDR1	discoidin domain receptor tyrosine kinase 1
chr2	98703108	98703935	828	*	Intron (ENST00000264968.7/11320, intron 1 of 14)	2	98619106	98726696	107591	2	11320	ENST00000264968.7	22761	ENSG00000071073	MGAT4A	alpha-1,3-mannosyl-glycoprotein 4-beta-N-acetylglucosaminyltransferase A
chr3	237955	238618	664	*	Intron (ENST00000256509.7/10752, intron 1 of 27)	3	217535	328223	110689	1	10752	ENST00000449294.6	20420	ENSG00000134121	CHL1	cell adhesion molecule L1 like
chr2	84517474	84517950	477	*	Promoter (<=1kb)	2	84517823	84584791	66969	1	1768	ENST00000494025.1	0	ENSG00000115423	DNAH6	dynein axonemal heavy chain 6
chr18	35145983	35147826	1844	*	Downstream (2-3kb)	18	35131918	35140497	8580	1	10982	ENST00000588085.1	14065	ENSG00000166974	MAPRE2	microtubule associated protein RP/EB family member 2
chr14	24539601	24540773	1173	*	Distal Intergenic	14	24505506	24508265	2760	2	1215	ENST00000206446.4	-31336	ENSG00000092009	CMA1	chymase 1
chr6	108485837	108487506	1670	*	Intron (ENST00000368977.9/246269, intron 10 of 12)	6	108476979	108522465	45487	1	246269	ENST00000486863.1	8858	ENSG00000135537	AFG1L	AFG1 like ATPase
chr11	31846414	31847173	760	*	Intron (ENST00000530348.5/5954, intron 1 of 3)	11	31826347	31829311	2965	1	103157000	ENST00000630360.1	20067	ENSG00000281880	PAUPAR	PAX6 upstream antisense RNA
chr3	173114306	173116248	1943	*	Intron (ENST00000351008.4/83893, intron 2 of 10)	3	172889357	173141235	251879	2	83893	ENST00000351008.4	24987	ENSG00000144962	SPATA16	spermatogenesis associated 16
chr3	73673893	73674815	923	*	Distal Intergenic	3	73382431	73624941	242511	2	23024	ENST00000263666.9	-48952	ENSG00000121440	PDZRN3	PDZ domain containing ring finger 3
chr10	70321243	70321959	717	*	Intron (ENST00000395011.5/55222, intron 3 of 3)	10	70247329	70284004	36676	2	64106	ENST00000277942.7	-37239	ENSG00000148734	NPFFR1	neuropeptide FF receptor 1
chr20	21685834	21686728	895	*	Intron (ENST00000624692.1/101929608, intron 1 of 4)	20	21610787	21703585	92799	2	101929608	ENST00000624692.1	16857	ENSG00000280350	LINC01726	long intergenic non-protein coding RNA 1726
chr22	37677834	37678791	958	*	Promoter (<=1kb)	22	37676999	37679802	2804	1	3956	ENST00000472321.1	835	ENSG00000100097	LGALS1	galectin 1
chr7	79083445	79084166	722	*	Intron (ENST00000354212.9/9863, intron 1 of 21)	7	79139829	79177210	37382	1	105375366	ENST00000629240.1	-55663	NA	LOC105375366	uncharacterized LOC105375366
chr12	72666976	72667707	732	*	3' UTR	12	72568630	72621331	52702	1	29953	ENST00000549922.1	98346	ENSG00000072657	TRHDE	thyrotropin releasing hormone degrading enzyme
chr6	108488335	108489292	958	*	Intron (ENST00000368977.9/246269, intron 10 of 12)	6	108476979	108522465	45487	1	246269	ENST00000486863.1	11356	ENSG00000135537	AFG1L	AFG1 like ATPase
chr12	22093960	22095330	1371	*	Intron (ENST00000544732.5/6489, intron 3 of 5)	12	22107159	22118489	11331	2	107984497	ENST00000537795.1	23159	NA	SULT6B2P	sulfotransferase family 6B member 2, pseudogene
chr14	24640895	24641706	812	*	Intron (ENST00000555300.1/ENST00000555300.1, intron 2 of 3)	14	24630971	24634267	3297	2	3002	ENST00000382540.5	-6628	ENSG00000100453	GZMB	granzyme B
chr12	6745057	6745707	651	*	Distal Intergenic	12	6748721	6750318	1598	2	8079	ENST00000541305.1	4611	ENSG00000089693	MLF2	myeloid leukemia factor 2
chr8	102503892	102504903	1012	*	Exon (ENST00000489699.2/ENST00000489699.2, exon 1 of 1)	8	102528740	102538668	9929	1	107986898	ENST00000519630.1	-23837	ENSG00000253633	LOC107986898	uncharacterized LOC107986898
chr12	85306323	85307152	830	*	Distal Intergenic	12	85318060	85342912	24853	1	105369876	ENST00000555596.1	-10908	NA	LINC02820	long intergenic non-protein coding RNA 2820
chr6	32118204	32118457	254	*	Promoter (<=1kb)	6	32098176	32117610	19435	2	1388	ENST00000494022.1	-594	ENSG00000213676	ATF6B	activating transcription factor 6 beta
chr11	32454718	32455444	727	*	Intron (ENST00000525436.1/51352, intron 3 of 4)	11	32437623	32438326	704	1	51352	ENST00000478367.5	17095	ENSG00000183242	WT1-AS	WT1 antisense RNA
chr3	44753865	44754398	534	*	Exon (ENST00000484437.1/57456, exon 2 of 4)	3	44737661	44761511	23851	2	57456	ENST00000484437.1	7113	ENSG00000163807	KIAA1143	KIAA1143
chr10	54073047	54074967	1921	*	Intron (ENST00000644397.2/65217, intron 17 of 37)	10	53806326	54195846	389521	2	65217	ENST00000642496.1	120879	ENSG00000150275	PCDH15	protocadherin related 15
chr13	80054976	80055241	266	*	Exon (ENST00000648514.1/ENST00000648514.1, exon 4 of 7)	13	80011077	80028283	17207	1	101515984	ENST00000627044.1	43899	NA	LINC01080	long intergenic non-protein coding RNA 1080
chr17	56296980	56297515	536	*	Intron (ENST00000635860.1/162282, intron 5 of 12)	17	56323223	56326333	3111	1	162282	ENST00000572312.1	-25708	ENSG00000153930	ANKFN1	ankyrin repeat and fibronectin type III domain containing 1
chr3	189348674	189349323	650	*	Distal Intergenic	3	189309894	189315595	5702	1	285386	ENST00000481307.1	38780	ENSG00000188001	TPRG1	tumor protein p63 regulated 1
chr4	93224895	93227195	2301	*	Intron (ENST00000282020.9/2895, intron 7 of 15)	4	93238371	93306322	67952	1	2895	ENST00000513976.1	-11176	ENSG00000152208	GRID2	glutamate ionotropic receptor delta type subunit 2
chr5	1886956	1887583	628	*	Promoter (<=1kb)	5	1887332	1900493	13162	1	101929081	ENST00000514569.1	0	ENSG00000249326	CTD-2194D22.4	uncharacterized LOC101929081
chr5	150284416	150285177	762	*	Intron (ENST00000671881.1/815, intron 1 of 18)	5	150219894	150289625	69732	2	815	ENST00000683332.1	4448	ENSG00000070808	CAMK2A	calcium/calmodulin dependent protein kinase II alpha
chr11	61159442	61159837	396	*	Promoter (1-2kb)	11	61132444	61161136	28693	2	55048	ENST00000538036.1	1299	ENSG00000167987	VPS37C	VPS37C subunit of ESCRT-I
chr6	32121113	32121566	454	*	Promoter (<=1kb)	6	32118831	32120420	1590	2	1388	ENST00000492342.1	-693	ENSG00000213676	ATF6B	activating transcription factor 6 beta
chr6	101846603	101847656	1054	*	Intron (ENST00000683774.1/2898, intron 14 of 16)	6	101923958	102070069	146112	1	2898	ENST00000683264.1	-76302	ENSG00000164418	GRIK2	glutamate ionotropic receptor kainate type subunit 2
chr6	100911526	100912168	643	*	Distal Intergenic	6	100647288	100881372	234085	2	10973	ENST00000324696.8	-30154	ENSG00000112249	ASCC3	activating signal cointegrator 1 complex subunit 3
chr13	79169714	79171679	1966	*	Distal Intergenic	13	79311824	79341212	29389	2	64062	ENST00000449987.6	169533	ENSG00000139746	RBM26	RNA binding motif protein 26
chr9	91605494	91606223	730	*	Intron (ENST00000375715.5/4920, intron 12 of 12)	9	91636251	91636361	111	1	100500821	ENST00000580936.1	-30028	ENSG00000266855	MIR3910-1	microRNA 3910-1
chr6	28557047	28558113	1067	*	Distal Intergenic	6	28585206	28586524	1319	2	114821	ENST00000526291.1	28411	ENSG00000232040	ZBED9	zinc finger BED-type containing 9
chr11	504301	504937	637	*	Promoter (<=1kb)	11	499047	504552	5506	2	6050	ENST00000529368.5	0	ENSG00000023191	RNH1	ribonuclease/angiogenin inhibitor 1
chr3	164913627	164915115	1489	*	Distal Intergenic	3	164714101	164831480	117380	2	104355289	ENST00000497379.2	-82147	ENSG00000241767	LINC01324	long intergenic non-protein coding RNA 1324
chr6	48036212	48036676	465	*	Intron (ENST00000339488.9/442213, intron 3 of 4)	6	48069213	48111078	41866	2	442213	ENST00000661865.1	74402	ENSG00000244694	PTCHD4	patched domain containing 4
chr4	54969609	54970254	646	*	Distal Intergenic	4	54845568	54859241	13674	1	107986226	ENST00000514413.1	124041	NA	LINC02358	long intergenic non-protein coding RNA 2358
chr6	29943209	29943677	469	*	Promoter (<=1kb)	6	29942554	29945281	2728	1	3105	ENST00000479320.5	655	ENSG00000206503	HLA-A	major histocompatibility complex, class I, A
chr17	37856147	37857070	924	*	Promoter (<=1kb)	17	37854303	37855228	926	2	284100	ENST00000622054.1	-919	ENSG00000276715	YWHAEP7	tyrosine 3-monooxygenase/tryptophan 5-monooxygenase activation protein epsilon pseudogene 7
chr6	10520809	10521715	907	*	Promoter (<=1kb)	6	10521309	10530267	8959	1	2651	ENST00000474983.5	0	ENSG00000111846	GCNT2	glucosaminyl (N-acetyl) transferase 2 (I blood group)
chr6	85474093	85474803	711	*	Promoter (2-3kb)	6	85471381	85492161	20781	1	4907	ENST00000416334.5	2712	ENSG00000135318	NT5E	5'-nucleotidase ecto
chr12	41581184	41582362	1179	*	Distal Intergenic	12	41509551	41574590	65040	1	29951	ENST00000548316.1	71633	ENSG00000165966	PDZRN4	PDZ domain containing ring finger 4
chr7	54609534	54610192	659	*	Distal Intergenic	7	54556970	54571726	14757	1	285878	ENST00000456049.1	52564	ENSG00000224223	VSTM2A-OT1	VSTM2A overlapping transcript 1
chr5	83678796	83680326	1531	*	Promoter (2-3kb)	5	83652020	83682538	30519	2	1404	ENST00000514416.5	2212	ENSG00000145681	HAPLN1	hyaluronan and proteoglycan link protein 1
chr9	113341935	113342661	727	*	Promoter (1-2kb)	9	113321522	113340298	18777	2	114987	ENST00000465979.2	-1637	ENSG00000148225	WDR31	WD repeat domain 31
chr10	22623460	22624847	1388	*	Intron (ENST00000376573.9/5305, intron 1 of 9)	10	22607818	22609717	1900	2	5305	ENST00000432610.1	-13743	ENSG00000150867	PIP4K2A	phosphatidylinositol-5-phosphate 4-kinase type 2 alpha
chr5	2751550	2752545	996	*	Promoter (<=1kb)	5	2752131	2755081	2951	1	153571	ENST00000649739.1	0	ENSG00000186493	C5orf38	chromosome 5 open reading frame 38
chr14	21493816	21494547	732	*	Promoter (1-2kb)	14	21492097	21492812	716	1	9878	ENST00000463119.1	1719	ENSG00000092203	TOX4	TOX high mobility group box family member 4
chr11	86085366	86086101	736	*	Distal Intergenic	11	85958839	86069882	111044	2	8301	ENST00000528398.5	-15484	ENSG00000073921	PICALM	phosphatidylinositol binding clathrin assembly protein
chr11	105480410	105480979	570	*	Intron (ENST00000649856.1/105369468, intron 1 of 7)	11	105137721	105516002	378282	2	105369468	ENST00000649856.1	35023	NA	LOC105369468	uncharacterized LOC105369468
chr13	100635730	100637258	1529	*	Promoter (<=1kb)	13	100625535	100636608	11074	2	84899	ENST00000478272.1	0	ENSG00000125247	TMTC4	transmembrane O-mannosyltransferase targeting cadherins 4
chr2	98329399	98330087	689	*	Distal Intergenic	2	98346188	98397344	51157	1	1261	ENST00000436404.6	-16101	ENSG00000144191	CNGA3	cyclic nucleotide gated channel subunit alpha 3
chr8	24813653	24815371	1719	*	Intron (ENST00000519689.1/101929294, intron 2 of 4)	8	24300885	24912073	611189	2	101929294	ENST00000519689.1	96702	NA	LOC101929294	uncharacterized LOC101929294
chr5	174150712	174152033	1322	*	Intron (ENST00000521585.5/51617, intron 3 of 4)	5	174091205	174108346	17142	1	51617	ENST00000521146.1	59507	ENSG00000170091	NSG2	neuronal vesicle trafficking associated 2
chr19	16830287	16830859	573	*	Promoter (<=1kb)	19	16829407	16880353	50947	1	23309	ENST00000379803.5	880	ENSG00000127511	SIN3B	SIN3 transcription regulator family member B
chr17	46691820	46692553	734	*	Intron (ENST00000398238.8/4905, intron 9 of 20)	17	46713149	46751583	38435	1	4905	ENST00000576346.5	-20596	ENSG00000073969	NSF	N-ethylmaleimide sensitive factor, vesicle fusing ATPase
chr6	32049177	32049622	446	*	Promoter (2-3kb)	6	32041155	32046607	5453	2	7148	ENST00000490077.5	-2570	ENSG00000168477	TNXB	tenascin XB
chr3	26663551	26664621	1071	*	Intron (ENST00000396641.6/116135, intron 1 of 1)	3	26694555	26710776	16222	1	116135	ENST00000456208.2	-29934	ENSG00000179796	LRRC3B	leucine rich repeat containing 3B
chr16	54972078	54973966	1889	*	Distal Intergenic	16	54932072	54934069	1998	1	10265	ENST00000558597.1	40006	ENSG00000176842	IRX5	iroquois homeobox 5
chr14	85995655	85996873	1219	*	Intron (ENST00000665938.1/101928767, intron 1 of 1)	14	85983946	86129778	145833	1	101928767	ENST00000553668.2	11709	ENSG00000258733	LINC02328	long intergenic non-protein coding RNA 2328
chr12	81331457	81332050	594	*	Intron (ENST00000541017.5/8499, intron 12 of 21)	12	81277372	81325810	48439	2	8499	ENST00000550018.5	-5647	ENSG00000139220	PPFIA2	PTPRF interacting protein alpha 2
chr18	12254148	12254976	829	*	Promoter (<=1kb)	18	12254361	12277593	23233	1	1149	ENST00000522713.5	0	ENSG00000176194	CIDEA	cell death inducing DFFA like effector a
chr2	176947764	176949017	1254	*	Distal Intergenic	2	176845993	176849428	3436	2	105373757	ENST00000432925.1	-98336	ENSG00000227098	LOC105373757	uncharacterized LOC105373757
chr3	192445040	192445594	555	*	Intron (ENST00000445105.7/2257, intron 2 of 5)	3	192142509	192409049	266541	2	2257	ENST00000454309.6	-35991	ENSG00000114279	FGF12	fibroblast growth factor 12
chr5	1875548	1876397	850	*	Distal Intergenic	5	1878785	1881093	2309	2	50805	ENST00000505938.1	4696	ENSG00000113430	IRX4	iroquois homeobox 4
chr6	105404535	105405275	741	*	Promoter (1-2kb)	6	105403297	105481235	77939	1	105377921	ENST00000663354.1	1238	NA	LOC105377921	uncharacterized LOC105377921
chr14	38068340	38069435	1096	*	Intron (ENST00000554687.1/105370456, intron 2 of 4)	14	38003113	38004847	1735	2	105370456	ENST00000554029.1	-63493	NA	LOC105370456	uncharacterized LOC105370456
chr2	74726478	74727010	533	*	Intron (ENST00000674157.1/102724482, intron 3 of 4)	2	74674923	74679927	5005	1	10505	ENST00000473350.1	51555	ENSG00000135622	SEMA4F	ssemaphorin 4F
chr19	55549414	55549907	494	*	Distal Intergenic	19	55540656	55545543	4888	2	100130827	ENST00000612221.1	-3871	ENSG00000231274	SBK3	SH3 domain binding kinase family member 3
chr17	37895771	37896620	850	*	Distal Intergenic	17	37842949	37884743	41795	2	284100	ENST00000620903.2	-11028	ENSG00000276715	YWHAEP7	tyrosine 3-monooxygenase/tryptophan 5-monooxygenase activation protein epsilon pseudogene 7
chr2	223162700	223163809	1110	*	Intron (ENST00000488477.2/23704, intron 2 of 3)	2	223052200	223198399	146200	1	23704	ENST00000488477.2	110500	ENSG00000152049	KCNE4	potassium voltage-gated channel subfamily E regulatory subunit 4
chr6	29648400	29649092	693	*	Distal Intergenic	6	29657002	29666260	9259	1	4340	ENST00000376903.4	-7910	ENSG00000204655	MOG	myelin oligodendrocyte glycoprotein
chr3	62860710	62861925	1216	*	Intron (ENST00000612439.4/8618, intron 1 of 27)	3	62625230	62875029	249800	2	8618	ENST00000490353.2	13104	ENSG00000163618	CADPS	calcium dependent secretion activator
chr4	104640197	104641554	1358	*	Promoter (1-2kb)	4	104638605	104734546	95942	1	101929468	ENST00000655215.1	1592	ENSG00000245384	CXXC4-AS1	CXXC4 antisense RNA 1
chr11	2162211	2163808	1598	*	Promoter (<=1kb)	11	2159779	2161221	1443	2	3630	ENST00000250971.7	-990	ENSG00000254647	INS	insulin
chr1	26644234	26645487	1254	*	Distal Intergenic	1	26693236	26781177	87942	1	8289	ENST00000430799.7	-47749	ENSG00000117713	ARID1A	AT-rich interaction domain 1A
chr1	165204410	165205506	1097	*	Intron (ENST00000342310.7/4009, intron 8 of 8)	1	165210627	165213090	2464	1	105371561	ENST00000457106.1	-5121	NA	LMX1A-AS2	LMX1A antisense RNA 2
chr12	7054989	7055829	841	*	Intron (ENST00000406697.5/716, intron 3 of 14)	12	7060515	7071032	10518	1	716	ENST00000328916.7	-4686	ENSG00000182326	C1S	complement C1s
chr14	37640922	37641984	1063	*	Intron (ENST00000533625.5/319089, intron 2 of 18)	14	37622065	37842463	220399	1	319089	ENST00000553443.5	18857	ENSG00000139865	TTC6	tetratricopeptide repeat domain 6
chr2	71205266	71206291	1026	*	Intron (ENST00000244221.9/400961, intron 1 of 3)	2	71182738	71227103	44366	2	400961	ENST00000244221.9	20812	ENSG00000124374	PAIP2B	poly(A) binding protein interacting protein 2B
chr7	116962950	116964012	1063	*	Intron (ENST00000393446.6/7982, intron 1 of 13)	7	116954974	116968574	13601	1	338069	ENST00000397751.2	7976	ENSG00000214188	ST7-OT4	ST7 overlapping transcript 4
chr6	30042137	30043418	1282	*	Intron (ENST00000425604.5/80862, intron 2 of 2)	6	30012099	30035015	22917	2	80862	ENST00000444051.1	-7122	ENSG00000204623	ZNRD1ASP	zinc ribbon domain containing 1 antisense, pseudogene
chr10	119301464	119302540	1077	*	Intron (ENST00000392870.3/2869, intron 1 of 15)	10	119330233	119335957	5725	2	105378511	ENST00000625697.2	33417	NA	LOC105378511	uncharacterized LOC105378511
chr20	13975853	13976361	509	*	Intron (ENST00000284951.10/80343, intron 1 of 19)	20	13849403	13990612	141210	2	80343	ENST00000423870.6	14251	ENSG00000101251	SEL1L2	SEL1L2 adaptor subunit of ERAD E3 ligase
chr4	187476326	187476953	628	*	Distal Intergenic	4	187408232	187415748	7517	1	102723920	ENST00000503677.2	68094	NA	LINC02515	long intergenic non-protein coding RNA 2515
chr4	85416865	85418584	1720	*	Distal Intergenic	4	85475150	86002666	527517	1	83478	ENST00000395184.6	-56566	ENSG00000138639	ARHGAP24	Rho GTPase activating protein 24
chr12	54366760	54367460	701	*	Promoter (2-3kb)	12	54362445	54364486	2042	2	53831	ENST00000267015.4	-2274	ENSG00000139572	GPR84	G protein-coupled receptor 84
chr15	33602758	33604133	1376	*	Exon (ENST00000415757.7/6263, exon 18 of 103)	15	33628508	33629921	1414	1	6263	ENST00000636753.1	-24375	ENSG00000198838	RYR3	ryanodine receptor 3
chr7	94537805	94538408	604	*	Exon (ENST00000297273.9/64921, exon 9 of 18)	7	94551733	94556966	5234	1	64921	ENST00000471944.5	-13325	ENSG00000127995	CASD1	CAS1 domain containing 1
chr14	29234282	29235469	1188	*	Intron (ENST00000652140.1/ENST00000652140.1, intron 1 of 4)	14	29266081	29275007	8927	2	102724934	ENST00000667237.1	39538	ENSG00000257522	LOC102724934	uncharacterized LOC102724934
chr6	84562677	84563604	928	*	Distal Intergenic	6	84421031	84556152	135122	2	105377880	ENST00000454172.5	-6525	ENSG00000231776	LINC01611	long intergenic non-protein coding RNA 1611
chr7	142493674	142494492	819	*	Distal Intergenic	7	142666272	142667718	1447	1	100463482	ENST00000604952.1	-171780	ENSG00000270672	MTRNR2L6	MT-RNR2 like 6
chr2	176986535	176987605	1071	*	Distal Intergenic	2	176990508	177056316	65809	2	107985965	ENST00000452002.5	68711	NA	LOC107985965	uncharacterized LOC107985965
chr4	46391159	46391929	771	*	Promoter (<=1kb)	4	46260772	46390404	129633	2	2555	ENST00000515082.5	-755	ENSG00000151834	GABRA2	gamma-aminobutyric acid type A receptor subunit alpha2
chr6	28510281	28510597	317	*	Intron (ENST00000361902.5/257202, intron 2 of 4)	6	28504186	28515787	11602	2	257202	ENST00000474923.1	5190	ENSG00000198704	GPX6	glutathione peroxidase 6
chr1	177133536	177134454	919	*	Intron (ENST00000367657.7/460, intron 1 of 22)	1	176868813	177164683	295871	2	460	ENST00000424564.2	30229	ENSG00000152092	ASTN1	astrotactin 1
chr16	6068831	6070292	1462	*	Intron (ENST00000569895.3/54715, intron 4 of 6)	16	6019703	7709781	1690079	1	54715	ENST00000422070.8	49128	ENSG00000078328	RBFOX1	RNA binding fox-1 homolog 1
chr10	25463757	25464719	963	*	Promoter (1-2kb)	10	25466190	25475949	9760	1	57512	ENST00000482641.2	-1471	ENSG00000151025	GPR158	G protein-coupled receptor 158
chr3	132756986	132757973	988	*	Intron (ENST00000504440.1/348808, intron 3 of 10)	3	132558142	132722459	164318	2	100532724	ENST00000471702.2	-34527	ENSG00000274810	NPHP3-ACAD11	NPHP3-ACAD11 readthrough (NMD candidate)
chr18	24130267	24131604	1338	*	Exon (ENST00000304621.10/125488, exon 12 of 14)	18	24123627	24125662	2036	1	125488	ENST00000584095.1	6640	ENSG00000168234	TTC39C	tetratricopeptide repeat domain 39C
chr16	22824877	22826117	1241	*	Intron (ENST00000261374.4/9956, intron 1 of 1)	16	22814497	22916319	101823	1	9956	ENST00000473392.1	10380	ENSG00000122254	HS3ST2	heparan sulfate-glucosamine 3-sulfotransferase 2
chr6	99272559	99273830	1272	*	3' UTR	6	99280735	99284212	3478	2	84553	ENST00000461803.1	10382	ENSG00000146267	FAXC	failed axon connections homolog, metaxin like GST domain containing
chr11	66314152	66314378	227	*	Promoter (2-3kb)	11	66314494	66317044	2551	2	57124	ENST00000311330.4	2666	ENSG00000174807	CD248	CD248 molecule
chr7	130129946	130130753	808	*	3' UTR	7	130141707	130142618	912	1	100128325	ENST00000664494.1	-10954	ENSG00000229196	LOC100128325	uncharacterized LOC100128325
chr7	136553088	136553884	797	*	Distal Intergenic	7	136427395	136437410	10016	1	105375523	ENST00000454735.1	125693	NA	LOC105375523	uncharacterized LOC105375523
chr20	13200685	13201225	541	*	Distal Intergenic	20	13221274	13300651	79378	1	140862	ENST00000262487.5	-20049	ENSG00000101230	ISM1	isthmin 1
chr21	38076709	38077673	965	*	Intron (ENST00000645093.1/3763, intron 2 of 4)	21	38093244	38121331	28088	2	10281	ENST00000482032.1	43658	ENSG00000184029	DSCR4	Down syndrome critical region 4
chr2	180725622	180726697	1076	*	Intron (ENST00000629145.1/101669767, intron 2 of 4)	2	180692104	180916939	224836	1	101669767	ENST00000629145.1	33518	ENSG00000281131	SCHLAP1	SWI/SNF complex antagonist associated with prostate cancer 1
chr12	322587	322983	397	*	Promoter (<=1kb)	12	322263	323154	892	2	5927	ENST00000541335.1	171	ENSG00000073614	KDM5A	lysine demethylase 5A
chr11	71955113	71955599	487	*	Promoter (1-2kb)	11	71957239	71983170	25932	1	55298	ENST00000526903.1	-1640	ENSG00000137522	RNF121	ring finger protein 121
chr15	74421271	74421857	587	*	Intron (ENST00000261918.9/8482, intron 1 of 13)	15	74410968	74411639	672	2	8482	ENST00000569617.1	-9632	ENSG00000138623	SEMA7A	semaphorin 7A (John Milton Hagen blood group)
chr20	17206529	17207697	1169	*	Distal Intergenic	20	17216779	17221913	5135	2	105372545	ENST00000662151.1	14216	NA	LOC105372545	uncharacterized LOC105372545
chr6	123316672	123318023	1352	*	Intron (ENST00000334268.9/10345, intron 23 of 40)	6	123389421	123471759	82339	1	101927990	ENST00000587106.6	-71398	NA	TRDN-AS1	TRDN antisense RNA 1
chr3	116163694	116164595	902	*	Intron (ENST00000490035.7/4045, intron 1 of 6)	3	115802363	116086561	284199	2	4045	ENST00000539563.5	-77133	ENSG00000185565	LSAMP	limbic system associated membrane protein
chr4	156129081	156130208	1128	*	Distal Intergenic	4	155921580	155953912	32333	2	1519	ENST00000679942.1	-175169	ENSG00000256043	CTSO	cathepsin O
chr5	37835506	37836246	741	*	Promoter (<=1kb)	5	37815651	37835827	20177	2	2668	ENST00000381826.8	0	ENSG00000168621	GDNF	glial cell derived neurotrophic factor
chr2	80531500	80532225	726	*	Intron (ENST00000466387.5/1496, intron 13 of 21)	2	80589339	80608489	19151	1	1496	ENST00000467892.1	-57114	ENSG00000066032	CTNNA2	catenin alpha 2
chr8	55370171	55370579	409	*	Intron (ENST00000327381.7/114786, intron 2 of 2)	8	55449509	55455139	5631	2	100133234	ENST00000444527.2	84560	ENSG00000248522	SBF1P1	SET binding factor 1 pseudogene 1
chr17	35290307	35291580	1274	*	Distal Intergenic	17	35243089	35259820	16732	1	162394	ENST00000592325.1	47218	ENSG00000166750	SLFN5	schlafen family member 5
chr10	130338570	130339599	1030	*	Intron (ENST00000648275.1/107984002, intron 1 of 1)	10	130213527	130483193	269667	1	107984002	ENST00000648275.1	125043	NA	LINC02646	long intergenic non-protein coding RNA 2646
chr4	174449488	174450443	956	*	Distal Intergenic	4	174423795	174423864	70	1	100423042	ENST00000584832.1	25693	ENSG00000265846	MIR4276	microRNA 4276
chr5	118690702	118691561	860	*	Distal Intergenic	5	118596188	118628092	31905	1	102467225	ENST00000503320.1	94514	ENSG00000249128	LINC02215	long intergenic non-protein coding RNA 2215
chr14	37131008	37132774	1767	*	Intron (ENST00000331299.6/89874, intron 1 of 9)	14	37171888	37173811	1924	1	100129794	ENST00000556667.1	-39114	ENSG00000258708	SLC25A21-AS1	SLC25A21 antisense RNA 1
chr4	20254322	20255346	1025	*	Promoter (<=1kb)	4	20254920	20486215	231296	1	9353	ENST00000508824.1	0	ENSG00000145147	SLIT2	slit guidance ligand 2
chr19	58446600	58446988	389	*	Distal Intergenic	19	58451611	58457132	5522	1	388569	ENST00000545523.5	-4623	ENSG00000249471	ZNF324B	zinc finger protein 324B
chr7	5534951	5535934	984	*	Intron (ENST00000675515.1/60, intron 1 of 5)	7	5527798	5530627	2830	2	60	ENST00000432588.6	-4324	ENSG00000075624	ACTB	actin beta
chr4	128553617	128554168	552	*	Promoter (<=1kb)	4	128552590	128553416	827	2	101927259	ENST00000608228.1	-201	NA	LOC101927259	uncharacterized LOC101927259
chr6	32078127	32078624	498	*	Exon (ENST00000516703.1/ENST00000516703.1, exon 1 of 1)	6	32041155	32062484	21330	2	7148	ENST00000611016.2	-15643	ENSG00000168477	TNXB	tenascin XB
chr6	105628000	105628179	180	*	Intron (ENST00000423489.1/105377922, intron 2 of 5)	6	105612667	105632196	19530	2	105377922	ENST00000423489.1	4017	NA	LINC02836	long intergenic non-protein coding RNA 2836
chr7	93204092	93205295	1204	*	Promoter (<=1kb)	7	93188967	93205647	16681	2	253012	ENST00000492616.1	352	ENSG00000188175	HEPACAM2	HEPACAM family member 2
chr15	89921672	89922989	1318	*	Distal Intergenic	15	89895006	89912952	17947	2	348110	ENST00000357484.10	-8720	ENSG00000242498	ARPIN	actin related protein 2/3 complex inhibitor
chr1	102462175	102463043	869	*	Distal Intergenic	1	102763322	102853842	90521	2	112268286	ENST00000414418.1	390799	NA	LOC112268286	uncharacterized LOC112268286
chr12	85673860	85674694	835	*	Distal Intergenic	12	85800703	85836409	35707	2	9182	ENST00000361228.5	161715	ENSG00000198774	RASSF9	Ras association domain family member 9
chr1	220921184	220922046	863	*	Distal Intergenic	1	220881069	220884493	3425	1	3142	ENST00000427693.1	40115	ENSG00000136630	HLX	H2.0 like homeobox
chr15	101418967	101419518	552	*	Intron (ENST00000398185.6/5046, intron 5 of 18)	15	101303929	101443663	139735	2	5046	ENST00000398185.6	24145	ENSG00000140479	PCSK6	proprotein convertase subtilisin/kexin type 6
chr16	31227272	31228444	1173	*	3' UTR	16	31215962	31217135	1174	2	260434	ENST00000302964.4	-10137	ENSG00000169900	PYDC1	pyrin domain containing 1
chr5	115297690	115299071	1382	*	Promoter (<=1kb)	5	115267375	115296693	29319	2	153733	ENST00000506442.5	-997	ENSG00000164221	CCDC112	coiled-coil domain containing 112
chr4	155662795	155664242	1448	*	Promoter (2-3kb)	4	155666726	155730622	63897	1	2982	ENST00000621234.4	-2484	ENSG00000164116	GUCY1A1	guanylate cyclase 1 soluble subunit alpha 1
chr10	119304102	119305335	1234	*	Intron (ENST00000392870.3/2869, intron 1 of 15)	10	119330233	119335957	5725	2	105378511	ENST00000625697.2	30622	NA	LOC105378511	uncharacterized LOC105378511
chr5	170735973	170736572	600	*	3' UTR	5	170712853	170736630	23778	1	30820	ENST00000616807.1	23120	ENSG00000182132	KCNIP1	potassium voltage-gated channel interacting protein 1
chr2	177015812	177016978	1167	*	Intron (ENST00000665720.1/107985965, intron 4 of 6)	2	176990508	177056316	65809	2	107985965	ENST00000452002.5	39338	NA	LOC107985965	uncharacterized LOC107985965
chr11	24518149	24518726	578	*	Intron (ENST00000531187.5/338645, intron 1 of 5)	11	24497211	25082604	585394	1	338645	ENST00000533227.5	20938	ENSG00000187398	LUZP2	leucine zipper protein 2
chr5	63801834	63802993	1160	*	Distal Intergenic	5	63957874	63962445	4572	2	3350	ENST00000323865.5	159452	ENSG00000178394	HTR1A	5-hydroxytryptamine receptor 1A
chr7	11871535	11872073	539	*	Distal Intergenic	7	11370437	11832198	461762	2	221981	ENST00000617773.1	-39337	ENSG00000005108	THSD7A	thrombospondin type 1 domain containing 7A
chr7	35292896	35293892	997	*	Distal Intergenic	7	35313838	35377071	63234	1	401324	ENST00000656715.1	-19946	NA	LOC401324	uncharacterized LOC401324
chr18	49866065	49866548	484	*	Intron (ENST00000285039.12/4645, intron 27 of 39)	18	49863262	49876283	13022	2	4645	ENST00000587895.1	9735	ENSG00000167306	MYO5B	myosin VB
chr13	53422381	53423262	882	*	Intron (ENST00000657016.1/ENST00000657016.1, intron 2 of 3)	13	53099397	53151914	52518	2	102723875	ENST00000660057.1	-270467	NA	LINC01065	long intergenic non-protein coding RNA 1065
chr17	202348	203087	740	*	Distal Intergenic	17	183824	191587	7764	2	100506371	ENST00000576171.1	-10761	NA	LINC02091	long intergenic non-protein coding RNA 2091
chr1	32930168	32930837	670	*	Intron (ENST00000661031.1/ENST00000661031.1, intron 1 of 2)	1	32894846	32901438	6593	2	113452	ENST00000475208.5	-28730	ENSG00000121900	TMEM54	transmembrane protein 54
chr15	74422282	74423383	1102	*	Intron (ENST00000261918.9/8482, intron 1 of 13)	15	74410026	74433704	23679	2	8482	ENST00000542748.6	10321	ENSG00000138623	SEMA7A	semaphorin 7A (John Milton Hagen blood group)
chr4	101111037	101112395	1359	*	Intron (ENST00000512215.5/5530, intron 2 of 7)	4	101093868	101158319	64452	2	5530	ENST00000510292.1	45924	ENSG00000138814	PPP3CA	protein phosphatase 3 catalytic subunit alpha
chr10	61121956	61123096	1141	*	Distal Intergenic	10	61016275	61026420	10146	1	100507058	ENST00000417931.1	105681	ENSG00000227244	LINC00845	long intergenic non-protein coding RNA 845
chr14	75389480	75390401	922	*	Distal Intergenic	14	75426334	75427690	1357	2	101928377	ENST00000558267.1	37289	NA	JDP2-AS1	JDP2 antisense RNA 1
chr2	56150255	56151179	925	*	Promoter (2-3kb)	2	56147630	56386171	238542	1	114800	ENST00000607540.1	2625	ENSG00000055813	CCDC85A	coiled-coil domain containing 85A
chr22	30476089	30476452	364	*	Promoter (<=1kb)	22	30475364	30492616	17253	1	107985579	ENST00000610936.4	725	ENSG00000181123	LOC107985579	uncharacterized LOC107985579
chr14	42073791	42075810	2020	*	Distal Intergenic	14	41699427	41904549	205123	1	145581	ENST00000554171.1	374364	ENSG00000165379	LRFN5	leucine rich repeat and fibronectin type III domain containing 5
chr5	140345461	140346403	943	*	Promoter (<=1kb)	5	140332843	140346603	13761	2	1839	ENST00000230990.7	200	ENSG00000113070	HBEGF	heparin binding EGF like growth factor
chr4	187646055	187647690	1636	*	Promoter (<=1kb)	4	187532873	187646370	113498	2	100506272	ENST00000514767.2	0	ENSG00000250590	LINC02492	long intergenic non-protein coding RNA 2492
chr14	37666810	37667230	421	*	Intron (ENST00000533625.5/319089, intron 2 of 18)	14	37622065	37842463	220399	1	319089	ENST00000553443.5	44745	ENSG00000139865	TTC6	tetratricopeptide repeat domain 6
chr13	37004601	37005299	699	*	Promoter (<=1kb)	13	37004218	37008832	4615	1	11340	ENST00000495092.1	383	ENSG00000120699	EXOSC8	exosome component 8
chr10	63808748	63809170	423	*	Intron (ENST00000444770.1/ENST00000444770.1, intron 2 of 2)	10	63630672	63655769	25098	1	101929846	ENST00000654322.1	178076	NA	LOC101929846	uncharacterized LOC101929846
chr2	200333401	200334854	1454	*	Intron (ENST00000439084.5/26010, intron 1 of 4)	2	200351189	200478209	127021	1	26010	ENST00000409151.5	-16335	ENSG00000196141	SPATS2L	spermatogenesis associated serine rich 2 like
chr4	40197832	40198776	945	*	Promoter (<=1kb)	4	40197245	40243187	45943	1	399	ENST00000504638.1	587	ENSG00000168421	RHOH	ras homolog family member H
chr5	50265407	50266394	988	*	Distal Intergenic	5	50398027	50411998	13972	2	133418	ENST00000505896.5	145604	ENSG00000170571	EMB	embigin
chr6	30039132	30039801	670	*	Intron (ENST00000425604.5/80862, intron 2 of 2)	6	30012099	30035015	22917	2	80862	ENST00000444051.1	-4117	ENSG00000204623	ZNRD1ASP	zinc ribbon domain containing 1 antisense, pseudogene
chr17	32483560	32484259	700	*	Promoter (2-3kb)	17	32486993	32491253	4261	1	8851	ENST00000313401.4	-2734	ENSG00000176749	CDK5R1	cyclin dependent kinase 5 regulatory subunit 1
chr5	2754753	2756320	1568	*	Promoter (2-3kb)	5	2752265	2755376	3112	1	153571	ENST00000397835.4	2488	ENSG00000186493	C5orf38	chromosome 5 open reading frame 38
chr11	20181456	20182695	1240	*	Distal Intergenic	11	20156155	20160475	4321	2	120237	ENST00000524983.3	-20981	ENSG00000109851	DBX1	developing brain homeobox 1
chr17	75314602	75315868	1267	*	Distal Intergenic	17	75318076	75321753	3678	2	2885	ENST00000581959.1	5885	ENSG00000177885	GRB2	growth factor receptor bound protein 2
chr2	176963948	176964720	773	*	Distal Intergenic	2	176990508	177056316	65809	2	107985965	ENST00000452002.5	91596	NA	LOC107985965	uncharacterized LOC107985965
chr5	135364451	135365012	562	*	Promoter (1-2kb)	5	135334381	135362901	28521	2	9555	ENST00000512507.5	-1550	ENSG00000113648	MACROH2A1	macroH2A.1 histone
chr5	128300671	128301328	658	*	Exon (ENST00000262464.9/2201, exon 48 of 65)	5	128328070	128339191	11122	2	2201	ENST00000507835.5	37863	ENSG00000138829	FBN2	fibrillin 2
chr19	11784246	11785188	943	*	Downstream (<1kb)	19	11797667	11799279	1613	1	126069	ENST00000479762.1	-12479	ENSG00000177599	ZNF491	zinc finger protein 491
chr6	117197653	117198704	1052	*	Distal Intergenic	6	117262243	117264817	2575	2	105377964	ENST00000666126.1	66113	NA	LOC105377964	uncharacterized LOC105377964
chr12	27395963	27397070	1108	*	Intron (ENST00000544915.5/56938, intron 8 of 15)	12	27368336	27420590	52255	1	56938	ENST00000542388.1	27627	ENSG00000029153	ARNTL2	aryl hydrocarbon receptor nuclear translocator like 2
chr14	89017615	89018372	758	*	Intron (ENST00000637466.1/ENST00000637466.1, intron 1 of 1)	14	89124871	89180744	55874	2	1112	ENST00000557572.1	162372	ENSG00000053254	FOXN3	forkhead box N3
chr2	50574196	50575098	903	*	Intron (ENST00000401669.7/9378, intron 8 of 22)	2	50548183	50552648	4466	2	9378	ENST00000637459.1	-21548	ENSG00000179915	NRXN1	neurexin 1
chr13	36050522	36051073	552	*	Intron (ENST00000360631.8/9201, intron 3 of 16)	13	35771341	36131306	359966	2	9201	ENST00000255448.8	80233	ENSG00000133083	DCLK1	doublecortin like kinase 1
chr6	87646922	87647644	723	*	Intron (ENST00000546266.5/23595, intron 12 of 18)	6	87650930	87653214	2285	1	23595	ENST00000508875.1	-3286	ENSG00000135336	ORC3	origin recognition complex subunit 3
chr19	6463949	6464275	327	*	Promoter (<=1kb)	19	6464271	6467221	2951	1	92359	ENST00000600229.6	0	ENSG00000130545	CRB3	crumbs cell polarity complex component 3
chr12	21927425	21927990	566	*	Intron (ENST00000261200.9/10060, intron 4 of 39)	12	21800380	21936674	136295	2	10060	ENST00000261201.9	8684	ENSG00000069431	ABCC9	ATP binding cassette subfamily C member 9
chr15	35046610	35047411	802	*	Distal Intergenic	15	35083410	35085295	1886	2	388112	ENST00000528386.4	37884	ENSG00000255192	NANOGP8	Nanog homeobox retrogene P8
