enhancerid	seqnames	start	end	width	strand	siteCount	annotation	geneChr	geneStart	geneEnd	geneLength	geneStrand	geneId	transcriptId	distanceToTSS	ENSEMBL	SYMBOL	GENENAME	enhancerGroup	attributes
GH01J008257	chr1	8258001	8258800	800	*	2	Distal Intergenic	1	8208672	8215210	6539	1	102724539	ENST00000452982.1	49329	ENSG00000227634	LINC01714	long intergenic non-protein coding RNA 1714	11_EnhWk	GH01J008257;HSALNG0000621:250.66;HSALNG0000622:250.66;lnc-SLC45A1-3:250.66;LOC124903835:250.66;SLC45A1:11.33;ERRFI1:11.06;ERRFI1-DT:11.06
GH01J024861	chr1	24861401	24862000	600	*	4	Distal Intergenic	1	24919345	24919416	72	2	102465437	ENST00000614863.1	57416	ENSG00000278034	MIR6731	microRNA 6731	8_EnhG2	GH01J024861;piR-30418:250.66;piR-38579-002:250.66;MAN1C1:5.20;HSALNG0001744:0.66;LOC105376876:0.45;RUNX3:0.15;CLIC4:0.13
GH01J028469	chr1	28469601	28472800	3200	*	2	Intron (ENST00000632421.1/65979, intron 7 of 14)	1	28491695	28500364	8670	1	65979	ENST00000632964.1	-18895	ENSG00000204138	PHACTR4	phosphatase and actin regulator 4	9_EnhA1	GH01J028469;piR-32214-032:250.66;PHACTR4:45.15;TRNAU1AP:11.56;RCC1:11.40;SNHG3:11.40;SNORA73B:11.40;PRDX3P2:11.34;SNORA61:11.12;SNORD99:11.12;ENSG00000229820:0.37;lnc-TAF12-6:0.29
GH01J028471	chr1	28469601	28472800	3200	*	2	Intron (ENST00000632421.1/65979, intron 7 of 14)	1	28491695	28500364	8670	1	65979	ENST00000632964.1	-18895	ENSG00000204138	PHACTR4	phosphatase and actin regulator 4	9_EnhA1	GH01J028471;piR-32214-032:250.66;PHACTR4:25.25;TRNAU1AP:11.56;RCC1:11.42;SNHG3:11.42;SNORA73B:11.40;PRDX3P2:11.34;SNORA61:11.12;SNORD99:11.12;lnc-PHACTR4-1:0.45;lnc-TAF12-6:0.31
GH01J065362	chr1	65363401	65364000	600	*	2	Promoter (2-3kb)	1	65366065	65379788	13724	1	9829	ENST00000472787.1	-2065	ENSG00000116675	DNAJC6	DnaJ heat shock protein family (Hsp40) member C6	10_EnhA2	GH01J065362;piR-43106-009:0.37;piR-34093-002:0.29;LEPROT:0.23;DNAJC6:0.14
GH01J150127	chr1	150124401	150131800	7400	*	2	Intron (ENST00000643970.1/11311, intron 14 of 14)	1	150109175	150144925	35751	1	11311	ENST00000618148.1	15226	ENSG00000136631	VPS45	vacuolar protein sorting 45 homolog	8_EnhG2	GH01J150127;PLEKHO1:12.84;RF00017-323:0.45;HSALNG0006998:0.35;NONHSAG002838.2:0.32;OTUD7B:0.23;VPS45:0.21
GH01J150557	chr1	150577201	150578000	800	*	2	Promoter (1-2kb)	1	150574176	150579477	5302	2	4170	ENST00000464132.2	1477	ENSG00000143384	MCL1	MCL1 apoptosis regulator, BCL2 family member	9_EnhA1	GH01J150557;RN7SL600P:265.86;MCL1:262.64;lnc-MCL1-1:250.66;RF00017-334:250.66;SETDB1:61.82;PI4KB:55.70;PIP5K1A:55.62;PRPF3:55.55;GOLPH3L:54.80;HORMAD1:48.87;GABPB2:48.76;ARNT:42.00;RPRD2:34.00;ZNF687:26.52;UBE2D3P3:24.08;CTSK:23.00;ADAMTSL4:22.88;SF3B4:22.72;POGZ:19.53;H2BC19P:18.80;PRUNE1:14.30;BOLA1:12.38;C1orf56:12.32;ENSA:12.19;CTSS:11.31;H2AC21:10.76;RN7SL444P:10.15;PSMB4:9.99;APH1A:9.89;C1orf54:6.87;ECM1:6.50;BNIPL:6.19;ADAMTSL4-AS2:5.14;RFX5:4.78;TMOD4:4.73;HSALNG0141919:0.66;lnc-MCL1-2:0.66;RF00017-333:0.66;RN7SL473P:0.66;ADAMTSL4-AS1:0.45;CM034951-352:0.45;ENSG00000289457:0.45;HSALNG0141918:0.45;lnc-ENSA-4:0.45;piR-48511:0.45;piR-54146:0.45;5EW4_A-002:0.41;AB372597-001:0.41;ENSG00000290074:0.41;LOC107985203:0.41;MG828452:0.41;NONHSAG002860.2-001:0.41;NONHSAG002860.2-002:0.41;piR-32559-021:0.41;LOC124904417:0.37;RF00017-331:0.11
GH01J169080	chr1	169081001	169082000	1000	*	2	Intron (ENST00000650631.1/1805, intron 1 of 8)	1	168903905	169087005	183101	2	101978719	ENST00000366408.3	5005	ENSG00000203601	LINC00970	long intergenic non-protein coding RNA 970	9_EnhA1	GH01J169080;LINC00970:0.45;RNA5SP66:0.41;ATP1B1:0.35;CM034951-405:0.35;ENSG00000285622:0.35;DPT:0.05
GH01J198636	chr1	198647601	198649400	1800	*	2	Intron (ENST00000367379.6/5788, intron 2 of 6)	1	198639288	198703346	64059	1	5788	ENST00000427110.6	8313	ENSG00000081237	PTPRC	protein tyrosine phosphatase receptor type C	8_EnhG2	GH01J198636;PTPRC:284.50;ATP6V1G3:10.93;ENSG00000225172:5.29;HSALNG0009505:0.45;NONHSAG003874.2:0.45;ENSG00000261573:0.35
GH01J207239	chr1	207242201	207242800	600	*	2	Intron (ENST00000634239.1/ENST00000634239.1, intron 1 of 3)	1	207321532	207340766	19235	1	1604	ENST00000367063.6	-78732	ENSG00000196352	CD55	CD55 molecule (Cromer blood group)	10_EnhA2	GH01J207239;CD55:23.14;CR2:10.23;IL19:5.63;C4BPA:4.54;LINC02942:0.66;CM034951-501:0.45;LOC107985251:0.19
GH01J235092	chr1	235091601	235094800	3200	*	3	Distal Intergenic	1	235065479	235074220	8742	2	107985746	ENST00000628622.1	-17381	NA	LOC107985746	uncharacterized LOC107985746	9_EnhA1	GH01J235092;ENSG00000228830:11.90;IRF2BP2:11.89;SNORA14B:11.58;TOMM20:11.56;TARBP1:11.31;LOC124900421:10.83;ENSG00000233018:0.66;RF00017-520:0.66
GH01J235093	chr1	235091601	235094800	3200	*	3	Distal Intergenic	1	235065479	235074220	8742	2	107985746	ENST00000628622.1	-17381	NA	LOC107985746	uncharacterized LOC107985746	9_EnhA1	GH01J235093;ENSG00000228830:11.90;IRF2BP2:11.89;SNORA14B:11.58;TOMM20:11.58;TARBP1:11.31;LOC124900421:10.83;ENSG00000233018:0.66;RF00017-520:0.66
GH01J235094	chr1	235091601	235094800	3200	*	3	Distal Intergenic	1	235065479	235074220	8742	2	107985746	ENST00000628622.1	-17381	NA	LOC107985746	uncharacterized LOC107985746	9_EnhA1	GH01J235094;IRF2BP2:21.93;ARID4B:15.53;ENSG00000228830:11.90;SNORA14B:11.58;TOMM20:11.58;TARBP1:11.31;LOC124900421:10.83;RPS21P1:10.62;ENSG00000233018:0.66;RF00017-520:0.45
GH01J245679	chr1	245679401	245679800	400	*	2	Promoter (2-3kb)	1	245673732	245676478	2747	2	105373265	ENST00000414565.1	-2923	NA	LOC105373265	uncharacterized LOC105373265	11_EnhWk	GH01J245679;ENSG00000231612:0.66;LOC105373265:0.37;HSALNG0012158:0.31;LOC124904573:0.03;KIF26B:0.03
GH02J008675	chr2	8684801	8686800	2000	*	2	Promoter (2-3kb)	2	8682780	8684031	1252	1	3398	ENST00000472142.1	2021	ENSG00000115738	ID2	inhibitor of DNA binding 2	9_EnhA1	GH02J008675;ID2-AS1:257.01;CM034952-037:250.66;HSALNG0146012:250.66;ID2:250.66;HSALNG0012850:0.66;HSALNG0012848:0.45;KIDINS220:0.10
GH02J009470	chr2	9470401	9471400	1000	*	2	Promoter (2-3kb)	2	9473658	9484548	10891	1	285148	ENST00000496603.5	-2258	ENSG00000134330	IAH1	isoamyl acetate hydrolyzing esterase 1 (putative)	11_EnhWk	GH02J009470;IAH1:0.66;lnc-IAH1-4:0.66;piR-50444-290:0.35;CPSF3:0.26
GH02J010469	chr2	10469601	10470400	800	*	3	Distal Intergenic	2	10453798	10457693	3896	1	101929715	ENST00000670859.1	15803	NA	ODC1-DT	ODC1 divergent transcript	9_EnhA1	GH02J010469;HSALNG0012979:0.66;lnc-ODC1-1:0.45;ODC1:0.35;RF00017-3133:0.20;NOL10:0.07
GH02J010470	chr2	10469601	10470400	800	*	3	Distal Intergenic	2	10453798	10457693	3896	1	101929715	ENST00000670859.1	15803	NA	ODC1-DT	ODC1 divergent transcript	9_EnhA1	GH02J010470;HSALNG0012979:0.66;lnc-ODC1-1:0.41;ODC1:0.35;RF00017-3133:0.20;NOL10:0.07
GH02J025526	chr2	25525201	25530800	5600	*	2	Intron (ENST00000495466.6/1838, intron 8 of 18)	2	25388318	25497651	109334	2	1838	ENST00000481841.5	-27550	ENSG00000138101	DTNB	dystrobrevin beta	11_EnhWk	GH02J025526;piR-53431-363:0.45;HSALNG0013664:0.37;DTNB:0.11;DNMT3A:0.09
GH02J025527	chr2	25525201	25530800	5600	*	2	Intron (ENST00000495466.6/1838, intron 8 of 18)	2	25388318	25497651	109334	2	1838	ENST00000481841.5	-27550	ENSG00000138101	DTNB	dystrobrevin beta	11_EnhWk	GH02J025527;piR-53431-363:0.45;HSALNG0013664:0.37;DTNB:0.11;DNMT3A:0.08
GH02J028542	chr2	28549001	28550000	1000	*	2	Promoter (<=1kb)	2	28548500	28596063	47564	1	151056	ENST00000436544.1	501	ENSG00000163803	PLB1	phospholipase B1	11_EnhWk	GH02J028542;HSALNG0013884:250.66;PPP1CB:11.03;ENSG00000230730:10.79;PLB1:10.05;TRMT61B:6.00;SPDYA:1.47;WDR43:1.40;lnc-TRMT61B-7:0.27
GH02J070328	chr2	70330601	70331200	600	*	2	Distal Intergenic	2	70295975	70302090	6116	2	84908	ENST00000037869.7	-28511	ENSG00000035141	FAM136A	family with sequence similarity 136 member A	9_EnhA1	GH02J070328;TGFA:11.70;FAM136A:10.70;PCYOX1:10.09;piR-50444-300:0.66;BRD7P6:0.41;lnc-TGFA-1:0.20
GH02J231067	chr2	231067401	231068000	600	*	2	Promoter (<=1kb)	2	231066906	231075566	8661	1	5707	ENST00000444007.2	495	ENSG00000173692	PSMD1	proteasome 26S subunit, non-ATPase 1	7_EnhG1	GH02J231067;C2orf72:11.05;SPATA3-AS1:10.44;SPATA3:10.42;COPS7B:10.41;SNORA75:9.34;SNORD20:9.34;RNU2-22P:9.29;HTR2B:7.02;KU921434:0.45;HSALNG0022916:0.41;PSMD1:0.41
GH02J240385	chr2	240385601	240387600	2000	*	2	Distal Intergenic	2	240435663	240468076	32414	1	2817	ENST00000264039.7	-48063	ENSG00000063660	GPC1	glypican 1	9_EnhA1	GH02J240385;LOC102723825:250.66;lnc-ANKMY1-5:0.45;GPC1:0.26;HSALNG0023559:0.23;OTOS:0.07
GH02J240387	chr2	240385601	240387600	2000	*	2	Distal Intergenic	2	240435663	240468076	32414	1	2817	ENST00000264039.7	-48063	ENSG00000063660	GPC1	glypican 1	9_EnhA1	GH02J240387;LOC102723825:250.66;GPC1:11.68;lnc-ANKMY1-5:0.66;OTOS:0.07
GH02J240873	chr2	240875401	240877800	2400	*	2	Promoter (<=1kb)	2	240876913	240880502	3590	1	189	ENST00000470255.1	0	ENSG00000172482	AGXT	alanine--glyoxylate and serine--pyruvate aminotransferase	9_EnhA1	GH02J240873;ENSG00000223374:29.43;MAB21L4:19.05;D2HGDH:14.87;SNED1:13.09;ENSG00000235351:12.04;DTYMK:10.62;FARP2:10.02;AGXT:8.51;lnc-C2orf54-4:0.66;lnc-C2orf54-3:0.45
GH03J038028	chr3	38029001	38030000	1000	*	3	Promoter (<=1kb)	3	38007496	38029559	22064	2	5333	ENST00000461445.5	0	ENSG00000187091	PLCD1	phospholipase C delta 1	9_EnhA1	GH03J038028;PLCD1:259.96;DLEC1:0.45
GH03J052098	chr3	52099201	52100200	1000	*	2	Intron (ENST00000296484.7/25886, intron 9 of 10)	3	52048919	52056571	7653	2	1849	ENST00000495880.2	-42630	ENSG00000164086	DUSP7	dual specificity phosphatase 7	11_EnhWk	GH03J052098;NT5DC2:7.97;GPR62:4.35;HSALNG0026117:0.32;DUSP7:0.27;POC1A:0.23
GH03J052099	chr3	52099201	52100200	1000	*	2	Intron (ENST00000296484.7/25886, intron 9 of 10)	3	52048919	52056571	7653	2	1849	ENST00000495880.2	-42630	ENSG00000164086	DUSP7	dual specificity phosphatase 7	11_EnhWk	GH03J052099;HSALNG0026117:0.32;DUSP7:0.27;POC1A:0.24
GH03J052120	chr3	52122001	52124800	2800	*	2	Exon (ENST00000296484.7/25886, exon 9 of 11)	3	52075454	52154404	78951	2	25886	ENST00000474012.1	29604	ENSG00000164087	POC1A	POC1 centriolar protein A	9_EnhA1	GH03J052120;POC1A:0.31;HSALNG0026117:0.26;DUSP7:0.21
GH03J052258	chr3	52259801	52260600	800	*	3	Exon (ENST00000296490.8/80335, exon 5 of 9)	3	52254960	52268138	13179	2	80335	ENST00000487402.1	7538	ENSG00000164091	WDR82	WD repeat domain 82	9_EnhA1	GH03J052258;piR-50904:250.66;GLYCTK:28.91;PPM1M:17.02;TWF2:12.71;WDR82:11.17;MIR135A1:11.15;GLYCTK-AS1:11.13;TWF2-DT:11.11;ENSG00000173366:11.07;TLR9:11.05;NT5DC2:6.48;RPL29:4.58;RFT1:4.37;piR-33393-002:0.66;HSALNG0026125:0.45;MIRLET7G:0.45
GH03J058196	chr3	58200401	58200600	200	*	2	Intron (ENST00000486455.5/1776, intron 4 of 6)	3	58192628	58204823	12196	2	1776	ENST00000477209.5	4223	ENSG00000163687	DNASE1L3	deoxyribonuclease 1 like 3	11_EnhWk	GH03J058196;RPP14:24.01;FLNB-AS1:15.66;DNASE1L3:12.14;ABHD6:11.29;FLNB:11.09;HTD2:10.89;PXK:7.87;HSALNG0026408:0.66;HSALNG0026409:0.66;LOC124909485:0.32
GH03J071083	chr3	71084601	71085000	400	*	2	Intron (ENST00000649528.3/27086, intron 7 of 20)	3	71053718	71095387	41670	2	27086	ENST00000650555.1	10387	ENSG00000114861	FOXP1	forkhead box P1	10_EnhA2	GH03J071083;piR-43105-468:0.45;LOC124906247:0.41;FOXP1:0.04;ENSG00000285708:0.02;MDFIC2:0.02
GH03J071554	chr3	71553401	71554200	800	*	2	Intron (ENST00000649528.3/27086, intron 2 of 20)	3	70956745	71543557	586813	2	27086	ENST00000475937.5	-9844	ENSG00000114861	FOXP1	forkhead box P1	9_EnhA1	GH03J071554;FOXP1-IT1:6.40;HSALNG0026759:0.66;MIR1284:0.41;FOXP1:0.32;lnc-EIF4E3-3:0.32;ENSG00000285708:0.08
GH03J172230	chr3	172228601	172237800	9200	*	3	Exon (ENST00000484215.3/ENST00000484215.3, exon 1 of 1)	3	172306936	172310927	3992	1	64778	ENST00000483344.1	-69136	ENSG00000075420	FNDC3B	fibronectin type III domain containing 3B	8_EnhG2	GH03J172230;FNDC3B:12.71;TMEM212:9.47;PLD1:1.42;lnc-GHSR-2:0.66;RPS27AP8:0.66;RF00017-4201:0.45;RN7SL141P:0.45;lnc-TMEM212-5:0.21;GHSR:0.08
GH03J172232	chr3	172228601	172237800	9200	*	3	Exon (ENST00000484215.3/ENST00000484215.3, exon 1 of 1)	3	172306936	172310927	3992	1	64778	ENST00000483344.1	-69136	ENSG00000075420	FNDC3B	fibronectin type III domain containing 3B	8_EnhG2	GH03J172232;FNDC3B:10.26;TMEM212:9.47;RF00017-4201:0.66;RN7SL141P:0.66;lnc-GHSR-2:0.45;RPS27AP8:0.45;lnc-TMEM212-5:0.21;GHSR:0.08
GH03J172236	chr3	172228601	172237800	9200	*	3	Exon (ENST00000484215.3/ENST00000484215.3, exon 1 of 1)	3	172306936	172310927	3992	1	64778	ENST00000483344.1	-69136	ENSG00000075420	FNDC3B	fibronectin type III domain containing 3B	8_EnhG2	GH03J172236;RF00017-4201:250.66;RN7SL141P:250.66;FNDC3B:1.52;lnc-GHSR-2:0.41;RPS27AP8:0.41;lnc-TMEM212-5:0.20;GHSR:0.07
GH03J172237	chr3	172228601	172237800	9200	*	3	Exon (ENST00000484215.3/ENST00000484215.3, exon 1 of 1)	3	172306936	172310927	3992	1	64778	ENST00000483344.1	-69136	ENSG00000075420	FNDC3B	fibronectin type III domain containing 3B	8_EnhG2	GH03J172237;RF00017-4201:250.66;RN7SL141P:250.66;FNDC3B:10.10;lnc-GHSR-2:0.41;RPS27AP8:0.41;lnc-TMEM212-5:0.20;GHSR:0.07
GH03J172239	chr3	172228601	172237800	9200	*	3	Exon (ENST00000484215.3/ENST00000484215.3, exon 1 of 1)	3	172306936	172310927	3992	1	64778	ENST00000483344.1	-69136	ENSG00000075420	FNDC3B	fibronectin type III domain containing 3B	8_EnhG2	GH03J172239;RF00017-4201:250.66;RN7SL141P:250.66;FNDC3B:10.77;TMEM212:9.34;HSALNG0030720:0.45;lnc-TMEM212-5:0.20;GHSR:0.08
GH03J194824	chr3	194825401	194826800	1400	*	2	Exon (ENST00000667646.1/105374292, exon 4 of 4)	3	194769423	194779686	10264	1	100507391	ENST00000662703.1	55978	ENSG00000237222	LINC01968	long intergenic non-protein coding RNA 1968	11_EnhWk	GH03J194824;ENSG00000238031:0.66;LINC01972:0.24;LINC01968:0.13;LOC105374292:0.13;LOC124909474:0.12;XXYLT1:0.04
GH04J036289	chr4	36287601	36288200	600	*	2	Intron (ENST00000639862.2/401124, intron 2 of 9)	4	36284022	36344785	60764	1	401124	ENST00000456874.3	3579	ENSG00000197057	DTHD1	death domain containing 1	11_EnhWk	GH04J036289;DTHD1:0.45;HSALNG0033805:0.23;NWD2:0.02
GH04J048135	chr4	48135801	48136600	800	*	2	Promoter (1-2kb)	4	48066393	48134250	67858	2	7294	ENST00000264316.9	-1551	ENSG00000074966	TXK	TXK tyrosine kinase	7_EnhG1	GH04J048135;TXK:258.98;HSALNG0034270:250.66;RNU6-838P:10.50;TEC:7.98;CNGA1:7.00;NIPAL1:6.21;ENSG00000248254:5.43;lnc-TXK-1:0.66
GH04J086848	chr4	86850001	86851200	1200	*	2	Promoter (<=1kb)	4	86823468	86849384	25917	2	345274	ENST00000273905.7	-617	ENSG00000145283	SLC10A6	solute carrier family 10 member 6	11_EnhWk	GH04J086848;SLC10A6:256.43;AFF1:5.71;HSALNG0148137:0.45;MAPK10:0.07
GH05J014925	chr5	14925001	14926400	1400	*	2	Distal Intergenic	5	14970909	14992961	22053	1	107986376	ENST00000659286.1	-44509	ENSG00000286441	LOC107986376	uncharacterized LOC107986376	11_EnhWk	GH05J014925;ANKH:10.98;HSALNG0040336:0.45;HSALNG0040337:0.45;HSALNG0148552:0.32;FBXL7:0.03
GH05J096293	chr5	96298201	96299400	1200	*	2	Intron (ENST00000502645.2/101929710, intron 1 of 4)	5	96392925	96412985	20061	2	5122	ENST00000513085.1	113585	ENSG00000175426	PCSK1	proprotein convertase subtilisin/kexin type 1	9_EnhA1	GH05J096293;LOC101929710:10.15;PCSK1:5.05;GLRX:1.46;piR-56037-007:0.66;piR-61861-019:0.66;HSALNG0148669:0.32;LOC107986365:0.32;ELL2:0.05
GH05J131435	chr5	131436201	131438600	2400	*	2	3' UTR	5	131425887	131447401	21515	2	51735	ENST00000512611.5	8801	ENSG00000158987	RAPGEF6	Rap guanine nucleotide exchange factor 6	11_EnhWk	GH05J131435;MEIKIN:20.40;LYRM7:3.59;ENSG00000275939:0.66;LOC105379173:0.41;RF00017-4917:0.32;RF00017-4916:0.13;RAPGEF6:0.08;HINT1:0.07;RF00017-4915:0.06;ENSG00000273217:0.05
GH05J148806	chr5	148808001	148810200	2200	*	2	Distal Intergenic	5	148826611	148828623	2013	1	154	ENST00000305988.6	-16411	ENSG00000169252	ADRB2	adrenoceptor beta 2	11_EnhWk	GH05J148806;ADRB2:6.83;FBXO38:5.13;HSALNG0045724:0.37;lnc-HTR4-6:0.37;HSALNG0020226-446:0.12;HTR4:0.12
GH05J150496	chr5	150519801	150525400	5600	*	2	5' UTR	5	150508131	150558211	50081	1	3340	ENST00000261797.7	11670	ENSG00000070614	NDST1	N-deacetylase and N-sulfotransferase 1	7_EnhG1	GH05J150496;NDST1:294.97;HMGXB3:24.05;TCOF1:23.48;NDST1-AS1:18.34;RPS14:17.97;SYNPO:10.65;ENSG00000253852:10.43;RBM22:10.30;MYOZ3:10.29;MYOZ3-AS1:10.28;lnc-RPS14-5:0.45;piR-60051-086:0.45;lnc-SYNPO-6:0.35
GH05J150520	chr5	150519801	150525400	5600	*	2	5' UTR	5	150508131	150558211	50081	1	3340	ENST00000261797.7	11670	ENSG00000070614	NDST1	N-deacetylase and N-sulfotransferase 1	7_EnhG1	GH05J150520;piR-34692:250.66;NDST1:5.88;LOC124901211:0.35;SNODB966:0.35;lnc-SYNPO-6:0.31;SYNPO:0.21
GH05J150521	chr5	150519801	150525400	5600	*	2	5' UTR	5	150508131	150558211	50081	1	3340	ENST00000261797.7	11670	ENSG00000070614	NDST1	N-deacetylase and N-sulfotransferase 1	7_EnhG1	GH05J150521;NDST1:7.19;SLC26A2:6.14;piR-34692:0.66;LOC124901211:0.35;SNODB966:0.35;SYNPO:0.21
GH05J150524	chr5	150519801	150525400	5600	*	2	5' UTR	5	150508131	150558211	50081	1	3340	ENST00000261797.7	11670	ENSG00000070614	NDST1	N-deacetylase and N-sulfotransferase 1	7_EnhG1	GH05J150524;NDST1:11.82;NDST1-AS1:11.82;SYNPO:10.49;ENSG00000253852:10.43;piR-34692:0.66;LOC124901211:0.37;SNODB966:0.37
GH06J002021	chr6	2020801	2022600	1800	*	2	Intron (ENST00000530927.5/2762, intron 4 of 10)	6	1930107	2043433	113327	2	2762	ENST00000530459.1	20833	ENSG00000112699	GMDS	GDP-mannose 4,6-dehydratase	11_EnhWk	GH06J002021;lnc-MYLK4-23:250.66;lnc-MYLK4-24:0.37;GMDS:0.07;FOXC1:0.04
GH06J030122	chr6	30123601	30124400	800	*	3	Distal Intergenic	6	30102897	30113090	10194	2	11074	ENST00000376734.4	-10511	ENSG00000204616	TRIM31	tripartite motif containing 31	11_EnhWk	GH06J030122;piR-31446:250.66;HLA-U:35.43;TRIM40:31.90;HLA-W:4.89;piR-54266:0.66;TRIM31:0.41
GH06J030171	chr6	30171601	30175800	4200	*	2	Promoter (1-2kb)	6	30170313	30171097	785	1	89870	ENST00000477944.1	1288	ENSG00000204610	TRIM15	tripartite motif containing 15	7_EnhG1	GH06J030171;TRIM31:37.92;HLA-U:32.75;HLA-K:15.37;TRIM31-AS1:12.35;HCG4:9.52;HCG18:5.49;TRIM40:4.91;HCG4B:4.25;NONHSAG045568.2:0.66;NONHSAG046214.2:0.66;NONHSAG045678.2-004:0.45;TRIM10:0.45;TRIM15:0.45;TRIM26:0.27
GH06J132931	chr6	132931401	132932000	600	*	2	Distal Intergenic	6	132954257	133106425	152169	1	285735	ENST00000670829.1	-22257	ENSG00000231023	LINC00326	long intergenic non-protein coding RNA 326	11_EnhWk	GH06J132931;SLC18B1:4.59;VNN1:4.58;HSALNG0053566-002:0.45;ENSG00000279960:0.27;LOC105378008:0.23;HSALNG0053566-001:0.15;RPS12:0.13;EYA4:0.06
GH06J139653	chr6	139656601	139658800	2200	*	2	Intron (ENST00000647815.1/ENST00000647815.1, intron 2 of 2)	6	139677639	139860475	182837	1	100132735	ENST00000644936.1	-18839	ENSG00000231426	FILNC1	FOXO induced long non-coding RNA 1	9_EnhA1	GH06J139653;ENSG00000231329:12.54;LOC100129554:0.66;piR-31938-011:0.29;CITED2:0.06;ENSG00000226571:0.04
GH07J002565	chr7	2563801	2568600	4800	*	2	Promoter (<=1kb)	7	2566559	2578355	11797	1	23288	ENST00000422276.3	0	ENSG00000106012	IQCE	IQ motif containing E	8_EnhG2	GH07J002565;CHST12:12.33;MRM2:10.91;EIF3B:10.28;HSALNG0055734:0.45;IQCE:0.45;TTYH3:0.21
GH07J002566	chr7	2563801	2568600	4800	*	2	Promoter (<=1kb)	7	2566559	2578355	11797	1	23288	ENST00000422276.3	0	ENSG00000106012	IQCE	IQ motif containing E	8_EnhG2	GH07J002566;LFNG:11.78;TTYH3:11.51;IQCE:5.81;HSALNG0055734:0.45
GH07J002649	chr7	2650001	2653800	3800	*	3	Promoter (<=1kb)	7	2652825	2658456	5632	1	80727	ENST00000498454.1	0	ENSG00000136295	TTYH3	tweety family member 3	11_EnhWk	GH07J002649;piR-32287-085:250.66;ENSG00000288792:0.45;TTYH3:0.37;AMZ1:0.32
GH07J002651	chr7	2650001	2653800	3800	*	3	Promoter (<=1kb)	7	2652825	2658456	5632	1	80727	ENST00000498454.1	0	ENSG00000136295	TTYH3	tweety family member 3	11_EnhWk	GH07J002651;AMZ1:5.39;piR-32287-085:0.66;piR-43602:0.45;TTYH3:0.35
GH07J005273	chr7	5274401	5275400	1000	*	2	Promoter (<=1kb)	7	5274369	5291766	17398	1	222962	ENST00000434816.5	32	ENSG00000164638	SLC29A4	solute carrier family 29 member 4	11_EnhWk	GH07J005273;SLC29A4:250.66;piR-47308-001:0.45;RF00017-6064:0.31;WIPI2:0.18;RF00017-6066:0.08
GH07J005274	chr7	5274401	5275400	1000	*	2	Promoter (<=1kb)	7	5274369	5291766	17398	1	222962	ENST00000434816.5	32	ENSG00000164638	SLC29A4	solute carrier family 29 member 4	11_EnhWk	GH07J005274;SLC29A4:250.66;piR-38722:0.37;RF00017-6064:0.31;TNRC18:0.11;RF00017-6066:0.08
GH07J005275	chr7	5274401	5275400	1000	*	2	Promoter (<=1kb)	7	5274369	5291766	17398	1	222962	ENST00000434816.5	32	ENSG00000164638	SLC29A4	solute carrier family 29 member 4	11_EnhWk	GH07J005275;SLC29A4:250.66;piR-38722:0.37;RF00017-6064:0.31;TNRC18:0.11;RF00017-6066:0.08
GH07J050425	chr7	50426601	50429600	3000	*	2	Distal Intergenic	7	50446995	50449695	2701	2	63979	ENST00000440350.5	20095	ENSG00000132436	FIGNL1	fidgetin like 1	7_EnhG1	GH07J050425;FIGNL1:36.76;ZPBP:9.91;SPMIP7:9.62;HSALNG0057949:0.66;lnc-FIGNL1-3:0.45;IKZF1:0.13
GH07J073645	chr7	73644201	73645800	1600	*	2	Distal Intergenic	7	73597645	73624543	26899	2	51085	ENST00000453275.1	-19658	ENSG00000009950	MLXIPL	MLX interacting protein like	9_EnhA1	GH07J073645;MLXIPL:259.85;NSUN5P2:41.59;POM121:39.02;STAG3L3:36.59;GTF2IRD2P1:33.81;MIR590:30.20;METTL27:27.57;POM121B:21.37;BAZ1B:16.10;BUD23:12.41;DNAJC30:12.41;TYW1B:9.76;ABHD11:2.51;STX1A:1.64;RF00017-6382:0.35;RF00017-6387:0.31;TBL2:0.21
GH07J151438	chr7	151441601	151443200	1600	*	3	Promoter (<=1kb)	7	151428835	151440813	11979	2	155051	ENST00000476631.5	-788	ENSG00000127377	CRYGN	crystallin gamma N	9_EnhA1	GH07J151438;CRYGN:256.28;lnc-CRYGN-1:250.66;ENSG00000241456:6.72;WDR86:4.94;LOC124901780:0.66
GH07J151501	chr7	151501801	151503400	1600	*	2	Exon (ENST00000478788.1/ENST00000478788.1, exon 1 of 1)	7	151471400	151518069	46670	2	6009	ENST00000470370.1	14669	ENSG00000106615	RHEB	Ras homolog, mTORC1 binding	9_EnhA1	GH07J151501;ETF1P2:250.66;PRKAG2:1.81;AGAP3:1.14;lnc-CRYGN-3:0.45;RHEB:0.37;lnc-RHEB-1:0.29;RF00017-6836:0.29;RN7SL76P:0.29;CRYGN:0.21
GH07J151503	chr7	151501801	151503400	1600	*	2	Exon (ENST00000478788.1/ENST00000478788.1, exon 1 of 1)	7	151471400	151518069	46670	2	6009	ENST00000470370.1	14669	ENSG00000106615	RHEB	Ras homolog, mTORC1 binding	9_EnhA1	GH07J151503;WDR86-AS1:6.68;ETF1P2:0.66;lnc-CRYGN-3:0.66;RHEB:0.37;CRYGN:0.21
GH08J001871	chr8	1871201	1872400	1200	*	2	Intron (ENST00000635855.1/9639, intron 8 of 29)	8	1876051	1927513	51463	1	9639	ENST00000523711.5	-3651	ENSG00000104728	ARHGEF10	Rho guanine nucleotide exchange factor 10	11_EnhWk	GH08J001871;lnc-CLN8-4:0.66;lnc-ERICH1-8:0.29;ARHGEF10:0.26;KBTBD11:0.15
GH08J029316	chr8	29316601	29317200	600	*	2	Distal Intergenic	8	29336539	29348805	12267	2	1846	ENST00000240101.2	31605	ENSG00000120875	DUSP4	dual specificity phosphatase 4	11_EnhWk	GH08J029316;ENSG00000288735:0.66;LOC124901922:0.66;piR-33303-172:0.66;DUSP4:0.31;KIF13B:0.24
GH08J037379	chr8	37378001	37379600	1600	*	3	Distal Intergenic	8	37405439	37406724	1286	2	100507420	ENST00000520431.1	27124	ENSG00000253414	LINC01605	long intergenic non-protein coding RNA 1605	11_EnhWk	GH08J037379;HSALNG0064562:0.66;ENSG00000253746:0.32;ZNF703:0.05;KCNU1:0.03
GH08J130426	chr8	130426401	130428400	2000	*	3	Promoter (<=1kb)	8	130180867	130427802	246936	2	50807	ENST00000520927.5	0	ENSG00000153317	ASAP1	ArfGAP with SH3 domain, ankyrin repeat and PH domain 1	11_EnhWk	GH08J130426;HSALNG0068619:0.45;HSALNG0068618:0.41;ASAP1:0.37;lnc-ASAP1-1:0.37;CYRIB:0.04
GH08J130427	chr8	130426401	130428400	2000	*	3	Promoter (<=1kb)	8	130180867	130427802	246936	2	50807	ENST00000520927.5	0	ENSG00000153317	ASAP1	ArfGAP with SH3 domain, ankyrin repeat and PH domain 1	11_EnhWk	GH08J130427;HSALNG0068619:0.45;HSALNG0068618:0.41;ASAP1:0.37;lnc-ASAP1-1:0.37;CYRIB:0.04
GH08J132936	chr8	132936001	132937200	1200	*	2	Intron (ENST00000220616.9/7038, intron 25 of 47)	8	132919440	133134827	215388	1	7038	ENST00000519178.5	16561	ENSG00000042832	TG	thyroglobulin	9_EnhA1	GH08J132936;DNAAF11:16.96;SLA:10.60;TG:10.16;piR-32286-014:0.66;HSALNG0068704:0.29
GH08J141568	chr8	141568201	141568800	600	*	2	Distal Intergenic	8	141433832	141507230	73399	2	389690	ENST00000430863.5	-60971	ENSG00000226807	MROH5	maestro heat like repeat family member 5 (gene/pseudogene)	8_EnhG2	GH08J141568;MROH5:12.09;lnc-PTP4A3-8:0.45;HSALNG0069102:0.32;C8orf90:0.24;TSNARE1:0.02
GH08J142192	chr8	142192201	142193200	1000	*	2	Distal Intergenic	8	142198356	142209003	10648	1	619434	ENST00000517704.1	-5156	ENSG00000254008	LINC00051	long intergenic non-protein coding RNA 51	8_EnhG2	GH08J142192;ENSG00000287332:0.66;ENSG00000289338:0.66;LINC00051:0.66;LOC105375792:0.66;TSNARE1:0.07;C8orf90:0.02
GH08J142193	chr8	142192201	142193200	1000	*	2	Distal Intergenic	8	142198356	142209003	10648	1	619434	ENST00000517704.1	-5156	ENSG00000254008	LINC00051	long intergenic non-protein coding RNA 51	8_EnhG2	GH08J142193;ENSG00000287332:0.66;ENSG00000289338:0.66;LINC00051:0.66;lnc-TSNARE1-1:0.66;LOC105375792:0.66;TSNARE1:0.07;C8orf90:0.02
GH08J144425	chr8	144429601	144433200	3600	*	2	Promoter (1-2kb)	8	144423601	144428563	4963	2	51160	ENST00000377348.6	-1038	ENSG00000160948	VPS28	VPS28 subunit of ESCRT-I	11_EnhWk	GH08J144425;VPS28:300.88;lnc-TONSL-1:250.66;lnc-TONSL-2:250.66;CPSF1:36.76;ZNF7:30.15;ZNF623:25.01;TONSL:24.78;ZNF16:19.63;SLC39A4:17.83;GPAA1:15.38;ZNF250:14.91;EEF1D:14.10;ZNF251:13.80;ENSG00000255050:12.64;RPL8:12.54;PARP10:12.26;ZNF34:12.07;C8orf82:11.37;SLC52A2:11.10;LRRC14:10.66;ZNF517:9.99;lnc-VPS28-1:0.66;piR-54692:0.66;TONSL-AS1:0.66
GH08J145000	chr8	145002001	145004200	2200	*	2	Promoter (<=1kb)	8	144973589	145002894	29306	2	286101	ENST00000426361.6	0	ENSG00000196922	ZNF252P	zinc finger protein 252, pseudogene	8_EnhG2	GH08J145000;ZNF252P:275.39;CM034958-415:250.66;lnc-ZNF16-2:250.66;ZNF252P-AS1:250.66;ZNF16:33.39;CPSF1:32.65;ZNF7:30.00;VPS28:27.76;RPL8:27.08;GPAA1:24.19;PARP10:21.32;SLC52A2:21.19;C8orf33:21.10;ADCK5:12.74;ENSG00000255000:11.60;ZNF517:11.27;C8orf82:11.27;COMMD5:11.07;TMED10P1:10.37;SHARPIN:10.35;LRRC14:10.11;ENSG00000255085:5.40;TONSL:5.14;ENSG00000255530:0.66;lnc-ZNF16-3:0.66
GH09J021830	chr9	21831401	21833600	2200	*	2	Intron (ENST00000644715.2/4507, intron 4 of 7)	9	21854724	21931199	76476	1	4507	ENST00000577563.1	-21124	ENSG00000099810	MTAP	methylthioadenosine phosphorylase	9_EnhA1	GH09J021830;MTAP:22.51;piR-61101-675:0.41;ENSG00000265194:0.32;ENSG00000264545:0.31;CDKN2A:0.10
GH09J123686	chr9	123687801	123690000	2200	*	2	Intron (ENST00000473039.5/57706, intron 4 of 17)	9	123401810	123676791	274982	2	57706	ENST00000394215.6	-11010	ENSG00000119522	DENND1A	DENN domain containing 1A	9_EnhA1	GH09J123686;lnc-LHX2-8:0.41;OL780008:0.35;RF00017-7987:0.24;RF00017-7985:0.20;OP794616:0.08;DENND1A:0.07;CRB2:0.05
GH09J134585	chr9	134584601	134586000	1400	*	5	Distal Intergenic	9	134641803	134844843	203041	1	1289	ENST00000371817.8	-55803	ENSG00000130635	COL5A1	collagen type V alpha 1 chain	9_EnhA1	GH09J134585;HSALNG0037602-444:0.66;lnc-COL5A1-2:0.66;COL5A1:0.23;RXRA:0.06
GH10J003820	chr10	3817601	3824800	7200	*	6	Distal Intergenic	10	3833950	3834728	779	1	105376365	ENST00000413339.1	-9150	ENSG00000230573	LINC02639	long intergenic non-protein coding RNA 2639	8_EnhG2	GH10J003820;HSALNG0075733:250.66;LINC02639:250.66;KLF6:12.03;lnc-KLF6-17-002:0.41;AKR1E2:0.02
GH10J003822	chr10	3817601	3824800	7200	*	6	Distal Intergenic	10	3833950	3834728	779	1	105376365	ENST00000413339.1	-9150	ENSG00000230573	LINC02639	long intergenic non-protein coding RNA 2639	8_EnhG2	GH10J003822;HSALNG0075733:250.66;LINC02639:250.66;lnc-PFKP-32:250.66;KLF6:12.03;AKR1E2:0.02
GH10J003824	chr10	3817601	3824800	7200	*	6	Distal Intergenic	10	3833950	3834728	779	1	105376365	ENST00000413339.1	-9150	ENSG00000230573	LINC02639	long intergenic non-protein coding RNA 2639	8_EnhG2	GH10J003824;HSALNG0075735:250.66;lnc-KLF6-19:250.66;KLF6:25.72;PITRM1-AS1:14.19;ENSG00000228353:10.72;LINC02639:0.45;AKR1E2:0.02
GH10J014611	chr10	14613001	14614600	1600	*	5	Promoter (<=1kb)	10	14521876	14612552	90677	2	83641	ENST00000442012.5	-449	ENSG00000065809	FAM107B	family with sequence similarity 107 member B	9_EnhA1	GH10J014611;piR-57460-040:250.66;LOC105376429:11.39;CDNF:11.02;HSPA14:11.02;FAM107B:5.54;lnc-HSPA14-3:0.45;FRMD4A:0.11
GH10J014613	chr10	14613001	14614600	1600	*	5	Promoter (<=1kb)	10	14521876	14612552	90677	2	83641	ENST00000442012.5	-449	ENSG00000065809	FAM107B	family with sequence similarity 107 member B	9_EnhA1	GH10J014613;piR-57460-040:250.66;FAM107B:18.73;LOC105376429:10.94;CDNF:10.27;HSPA14:10.27;lnc-HSPA14-3:0.45;FRMD4A:0.11
GH10J045960	chr10	45958801	45961000	2200	*	2	Intron (ENST00000417555.2/728407, intron 3 of 11)	10	45888165	45972154	83990	2	728407	ENST00000417555.2	11154	NA	PARGP1	poly(ADP-ribose) glycohydrolase pseudogene 1	11_EnhWk	GH10J045960;piR-51819-004:0.66;PARGP1:0.41;PARGP1-AGAP4:0.41;TIMM23:0.41;AGAP4:0.14
GH10J075528	chr10	75527401	75531000	3600	*	2	Intron (ENST00000611255.5/83938, intron 2 of 6)	10	75552458	75552553	96	1	693191	ENST00000384851.1	-21458	ENSG00000207583	MIR606	microRNA 606	7_EnhG1	GH10J075528;LRMDA:17.77;ENSG00000236842:10.07;VDAC2:4.78;SAMD8:1.86;piR-55194-047:0.41;HSALNG0078976:0.37;HSALNG0142602:0.23
GH11J003146	chr11	3147601	3148800	1200	*	3	Intron (ENST00000263650.12/114879, intron 1 of 21)	11	3126483	3161393	34911	2	114879	ENST00000534157.1	12593	ENSG00000021762	OSBPL5	oxysterol binding protein like 5	11_EnhWk	GH11J003146;lnc-SLC22A18-7:250.66;OSBPL5:7.70;lnc-MRGPRG-1:0.37;MN309223:0.37;CARS1:0.16
GH11J003152	chr11	3157601	3161600	4000	*	2	Promoter (<=1kb)	11	3126483	3161393	34911	2	114879	ENST00000534157.1	0	ENSG00000021762	OSBPL5	oxysterol binding protein like 5	11_EnhWk	GH11J003152;OSBPL5:9.55;lnc-MRGPRG-1:0.45;lnc-SLC22A18-7:0.45;MN309223:0.32;CARS1:0.16
GH11J003158	chr11	3157601	3161600	4000	*	2	Promoter (<=1kb)	11	3126483	3161393	34911	2	114879	ENST00000534157.1	0	ENSG00000021762	OSBPL5	oxysterol binding protein like 5	11_EnhWk	GH11J003158;OSBPL5:259.65;ART1:1.46;lnc-MRGPRG-1:0.66;lnc-SLC22A18-7:0.37;MN309223:0.31;CARS1:0.14
GH11J065209	chr11	65209801	65211400	1600	*	2	Promoter (<=1kb)	11	65209144	65212006	2863	1	823	ENST00000530567.1	657	ENSG00000014216	CAPN1	calpain 1	8_EnhG2	GH11J065209;lnc-CAPN1-1:250.66;CAPN1-AS1:71.72;POLA2:22.16;CAPN1:11.87;PGAM1P8:11.85;VPS51:11.06;CDCA5:11.06;ZFPL1:11.06;SLC22A20P:8.85;lnc-SPDYC-2:0.41
GH11J067052	chr11	67051601	67053000	1400	*	3	Downstream (<1kb)	11	67056847	67072017	15171	1	29984	ENST00000308831.7	-3847	ENSG00000173156	RHOD	ras homolog family member D	8_EnhG2	GH11J067052;RHOD:289.76;lnc-PC-3:250.66;RBM14:20.51;ACTN3:14.74;POLD4:13.70;KDM2A:12.20;KLC2-AS1:10.55;TCIRG1:10.48;MRPL11:10.23;ENSG00000254461:10.09;ENSG00000255031:10.09;TOP6BL:9.86;RBM4:9.79;lnc-PC-1:0.45;SYT12:0.26
GH12J093853	chr12	93853601	93855000	1400	*	2	Intron (ENST00000548483.5/8738, intron 2 of 2)	12	93848660	93850756	2097	1	8738	ENST00000548330.1	4941	ENSG00000169372	CRADD	CASP2 and RIPK1 domain containing adaptor with death domain	11_EnhWk	GH12J093853;ENSG00000258303:8.33;CM034962-258:0.37;HSALNG0093144:0.27;lnc-CEP83-6:0.13;CRADD:0.09;PLXNC1:0.06
GH12J094674	chr12	94676401	94676800	400	*	4	Distal Intergenic	12	94567122	94650557	83436	2	57458	ENST00000261226.9	-25844	ENSG00000057704	TMCC3	transmembrane and coiled-coil domain family 3	8_EnhG2	GH12J094674;TMCC3:30.82;HSALNG0093199:0.31;NDUFA12:0.05
GH12J121708	chr12	121714001	121715600	1600	*	2	Promoter (1-2kb)	12	121712752	121782068	69317	1	144404	ENST00000449592.7	1249	ENSG00000188735	TMEM120B	transmembrane protein 120B	9_EnhA1	GH12J121708;TMEM120B:260.92;HSALNG0094599:250.66;lnc-MORN3-2:250.66;KDM2B:11.39;KDM2B-DT:11.39;ENSG00000256950:11.25;HPD:11.25;PSMD9:11.25;MORN3:8.50;HNF1A-AS1:5.19;HSALNG0094601:0.26;lnc-CAMKK2-1:0.19;SETD1B:0.19
GH12J124937	chr12	124940801	124941600	800	*	2	Distal Intergenic	12	124947601	124948615	1015	2	57647	ENST00000507267.2	7015	ENSG00000150990	DHX37	DEAH-box helicase 37	8_EnhG2	GH12J124937;UBC:263.49;AB330774-008:250.66;HSALNG0094864:250.66;piR-36225-002:250.66;piR-38621:250.66;TRA-TGC4-1:250.66;TRD-GTC2-10:250.66;DHX37:38.50;ENSG00000270130:26.23;NCOR2:18.21;ENSG00000270061:15.47;ENSG00000269938:14.37;ENSG00000269997:14.28;BRI3BP:12.50;RPL22P19:0.66
GH13J043295	chr13	43294201	43294800	600	*	2	Intron (ENST00000261488.10/55068, intron 12 of 16)	13	43359732	43361365	1634	2	55068	ENST00000482207.1	66565	ENSG00000120658	ENOX1	ecto-NOX disulfide-thiol exchanger 1	11_EnhWk	GH13J043295;lnc-EPSTI1-9:0.45;lnc-EPSTI1-8:0.35;HSALNG0096699:0.15;DNAJC15:0.06;ENOX1:0.04
GH13J044988	chr13	44990001	44990200	200	*	2	Promoter (<=1kb)	13	44989620	45033602	43983	1	55425	ENST00000497558.5	381	ENSG00000133114	GPALPP1	GPALPP motifs containing 1	11_EnhWk	GH13J044988;GPALPP1:250.66;NUFIP1:250.66;RN7SL49P:5.75;TPT1-AS1:4.09;RF00994-271:0.66;lnc-GPALPP1-5:0.29;CM034963-089:0.16;ENSG00000223732:0.16;TSC22D1:0.04
GH13J111175	chr13	111176401	111178600	2200	*	2	Intron (ENST00000317133.9/8874, intron 2 of 18)	13	111184938	111217865	32928	1	8874	ENST00000467053.5	-6338	ENSG00000102606	ARHGEF7	Rho guanine nucleotide exchange factor 7	11_EnhWk	GH13J111175;ARHGEF7:24.28;ARHGEF7-AS2:11.07;AB372628:0.66;lnc-TEX29-9:0.35;TEX29:0.12;HSALNG0020226-134:0.10
GH14J021263	chr14	21270001	21271600	1600	*	2	Promoter (<=1kb)	14	21209136	21269494	60359	2	3183	ENST00000336053.10	-507	ENSG00000092199	HNRNPC	heterogeneous nuclear ribonucleoprotein C	11_EnhWk	GH14J021263;HNRNPC:250.66;METTL3:46.99;SUPT16H:36.06;CHD8:34.05;METTL17:20.36;PIP4P1:18.16;ENSG00000258515:14.33;OSGEP:11.54;APEX1:10.58;RAB2B:10.33;CCNB1IP1:10.01;TRAV8-5:5.61;TOX4:4.46;lnc-RPGRIP1-5:0.66;lnc-SUPT16H-3:0.66;L13713-071:0.45;OR5AU1:0.14
GH14J022917	chr14	22917401	22918200	800	*	2	Promoter (<=1kb)	14	22909483	22917556	8074	2	55147	ENST00000553876.2	0	ENSG00000100461	RBM23	RNA binding motif protein 23	9_EnhA1	GH14J022917;RBM23:268.20;PRMT5-AS1:260.51;CM034964-030:250.66;lnc-PRMT5-1:250.66;HAUS4:54.23;PRMT5:12.78;ACIN1:11.43;HOMEZ:10.55;REM2:0.29
GH14J051710	chr14	51710601	51713200	2600	*	2	Promoter (<=1kb)	14	51712513	51720525	8013	1	122786	ENST00000555197.1	0	ENSG00000139926	FRMD6	FERM domain containing 6	7_EnhG1	GH14J051710;lnc-NID2-8:250.66;PYGL:4.99;RF00026-316:0.41;RNU6-301P:0.41;GNG2:0.14;FRMD6:0.05
GH14J060670	chr14	60670801	60671200	400	*	2	Distal Intergenic	14	60644696	60658259	13564	2	6495	ENST00000554986.2	-12542	ENSG00000126778	SIX1	SIX homeobox 1	11_EnhWk	GH14J060670;MNAT1:10.94;SIX4:10.69;SIX1:0.41;HSALNG0144104:0.37;SALRNA1:0.31
GH14J090087	chr14	90087401	90087800	400	*	2	Intron (ENST00000282146.5/56659, intron 1 of 1)	14	90061994	90185853	123860	1	56659	ENST00000282146.5	25407	ENSG00000152315	KCNK13	potassium two pore domain channel subfamily K member 13	11_EnhWk	GH14J090087;KCNK13:15.97;piR-36588-164:0.66;PSMC1:0.10
GH14J102965	chr14	102966001	102967000	1000	*	2	Promoter (1-2kb)	14	102944043	102968532	24490	2	9578	ENST00000559043.1	1532	ENSG00000198752	CDC42BPB	CDC42 binding protein kinase beta	9_EnhA1	GH14J102965;HSALNG0103950:0.35;RF00017-1695:0.32;AMN:0.27;CDC42BPB:0.16
GH14J102966	chr14	102966001	102967000	1000	*	2	Promoter (1-2kb)	14	102944043	102968532	24490	2	9578	ENST00000559043.1	1532	ENSG00000198752	CDC42BPB	CDC42 binding protein kinase beta	9_EnhA1	GH14J102966;HSALNG0103950:0.35;RF00017-1695:0.32;AMN:0.27;CDC42BPB:0.16
GH15J067436	chr15	67436801	67442600	5800	*	2	Intron (ENST00000335894.9/64799, intron 16 of 20)	15	67418886	67431837	12952	2	100506686	ENST00000665615.1	-4964	ENSG00000259673	IQCH-AS1	IQCH antisense RNA 1	9_EnhA1	GH15J067436;piR-53029-045:250.66;IQCH-AS1:17.83;piR-42694-056:0.66;C15orf61:0.18;AAGAB:0.09;IQCH:0.09
GH15J067440	chr15	67436801	67442600	5800	*	2	Intron (ENST00000335894.9/64799, intron 16 of 20)	15	67418886	67431837	12952	2	100506686	ENST00000665615.1	-4964	ENSG00000259673	IQCH-AS1	IQCH antisense RNA 1	9_EnhA1	GH15J067440;piR-53029-045:0.66;HSALNG0020226-171:0.45;C15orf61:0.18;IQCH-AS1:0.18;AAGAB:0.08;IQCH:0.08
GH15J089673	chr15	89672201	89673600	1400	*	2	Exon (ENST00000300055.10/5346, exon 3 of 9)	15	89664367	89667640	3274	2	5346	ENST00000560330.1	-4561	ENSG00000166819	PLIN1	perilipin 1	9_EnhA1	GH15J089673;HSALNG0108059:0.45;lnc-PEX11A-2:0.45;PLIN1:0.45;KIF7:0.41
GH15J090361	chr15	90363801	90367400	3600	*	2	3' UTR	15	90354613	90360067	5455	1	342132	ENST00000558586.1	9188	ENSG00000196391	ZNF774	zinc finger protein 774	9_EnhA1	GH15J090361;HSALNG0108127-001:250.66;IQGAP1:42.05;GDPGP1:15.16;NGRN:10.01;CRTC3:9.74;ZNF774:6.08;CIB1:4.88;PEX11A:4.62;MK280144-210:0.66;ENSG00000259177:0.31;HSALNG0108122-002:0.18
GH15J090365	chr15	90363801	90367400	3600	*	2	3' UTR	15	90354613	90360067	5455	1	342132	ENST00000558586.1	9188	ENSG00000196391	ZNF774	zinc finger protein 774	9_EnhA1	GH15J090365;HSALNG0108127-001:250.66;IQGAP1:42.05;NGRN:10.01;GDPGP1:9.83;CRTC3:9.74;HSALNG0108127-002:0.66;ZNF774:0.41;ENSG00000259177:0.31;HSALNG0108122-002:0.18
GH15J090366	chr15	90363801	90367400	3600	*	2	3' UTR	15	90354613	90360067	5455	1	342132	ENST00000558586.1	9188	ENSG00000196391	ZNF774	zinc finger protein 774	9_EnhA1	GH15J090366;IQGAP1:12.15;ENSG00000259314:10.59;UNC45A:10.12;NGRN:10.00;GDPGP1:9.83;CRTC3:9.74;ZNF774:6.94;HSALNG0108127-001:0.66;HSALNG0108127-002:0.66;ENSG00000259177:0.31;HSALNG0108122-002:0.17
GH16J000595	chr16	596601	597600	1000	*	5	Intron (ENST00000569575.5/57799, intron 2 of 5)	16	590332	627583	37252	1	57799	ENST00000563109.1	6269	ENSG00000197562	RAB40C	RAB40C, member RAS oncogene family	11_EnhWk	GH16J000595;HSALNG0144636:250.66;WFIKKN1:46.17;RAB40C:18.90;CEROX1:4.58;HSALNG0108755:0.66
GH16J015730	chr16	15731201	15735200	4000	*	3	3' UTR	16	15712896	15725138	12243	2	4629	ENST00000571275.1	-6063	ENSG00000133392	MYH11	myosin heavy chain 11	7_EnhG1	GH16J015730;piR-43104-020:250.66;MARF1:10.93;NDE1:10.93;MYH11:10.73;RNU6-213P:10.09;piR-59198:0.66;ENSG00000263335:0.45
GH16J015732	chr16	15731201	15735200	4000	*	3	3' UTR	16	15712896	15725138	12243	2	4629	ENST00000571275.1	-6063	ENSG00000133392	MYH11	myosin heavy chain 11	7_EnhG1	GH16J015732;ENSG00000263335:27.62;MARF1:10.93;NDE1:10.93;MYH11:10.73;RNU6-213P:10.09;piR-43104-020:0.66;piR-59198:0.66
GH16J030490	chr16	30490601	30495600	5000	*	2	Promoter (<=1kb)	16	30496432	30504219	7788	1	3683	ENST00000568987.1	-832	ENSG00000005844	ITGAL	integrin subunit alpha L	7_EnhG1	GH16J030490;ENSG00000261346:250.66;SEPHS2:12.34;ENSG00000239791:12.22;ZNF688:12.21;ZNF785:12.20;DCTPP1:11.95;ZNF689:11.26;SNORA80C:11.18;TBC1D10B:10.51;SRCAP:10.19;RNU6-1043P:10.18;SNORA30:9.45;NPIPB12:6.14;ENSG00000260304:4.85;RF00066-072:0.45;RNU7-61P:0.45;ITGAL:0.37;ZNF768:0.27
GH16J030491	chr16	30490601	30495600	5000	*	2	Promoter (<=1kb)	16	30496432	30504219	7788	1	3683	ENST00000568987.1	-832	ENSG00000005844	ITGAL	integrin subunit alpha L	7_EnhG1	GH16J030491;ENSG00000261346:250.66;SEPHS2:12.32;ENSG00000239791:12.22;ZNF688:12.21;ZNF785:12.20;DCTPP1:11.95;ZNF689:11.26;SNORA80C:11.18;TBC1D10B:10.51;RNU6-1043P:10.19;SRCAP:10.19;SNORA30:9.46;DOC2A:4.88;HSD3B7:4.31;RF00066-072:0.45;RNU7-61P:0.45;ITGAL:0.37;ZNF768:0.27
GH16J056641	chr16	56641001	56641400	400	*	2	Promoter (2-3kb)	16	56643705	56644786	1082	1	326343	ENST00000463480.6	-2305	NA	MT1DP	metallothionein 1D, pseudogene	11_EnhWk	GH16J056641;MT1A:0.66;MT1DP:0.66;MT1B:0.41;HSALNG0111698-001:0.27
GH16J081517	chr16	81527401	81527600	200	*	3	Intron (ENST00000537098.8/80790, intron 1 of 20)	16	81533902	81533966	65	1	102465840	ENST00000620068.1	-6302	ENSG00000277255	MIR7854	microRNA 7854	10_EnhA2	GH16J081517;CMIP:23.20;PKD1L2:4.79;PLCG2:2.97;MN297395:0.66;ENSG00000279476:0.45;HSALNG0112996:0.45;HSALNG0112997:0.45;MIR7854:0.45
GH16J081579	chr16	81581201	81583200	2000	*	2	Intron (ENST00000537098.8/80790, intron 1 of 20)	16	81606948	81711762	104815	1	80790	ENST00000621537.4	-23748	ENSG00000153815	CMIP	c-Maf inducing protein	9_EnhA1	GH16J081579;CMIP:5.33;MIR6504:0.32;MIR7854:0.26;PLCG2:0.08
GH16J083762	chr16	83762201	83762800	600	*	2	Intron (ENST00000268613.14/1012, intron 12 of 14)	16	83720403	83772936	52534	2	105371366	ENST00000563981.6	10136	NA	LOC105371366	uncharacterized LOC105371366	11_EnhWk	GH16J083762;CEDORA:0.41;CM021583-047:0.41;LOC105371366:0.41;lnc-HSBP1-3:0.31;HSBP1:0.27;MLYCD:0.12
GH16J085075	chr16	85074801	85075600	800	*	2	Promoter (1-2kb)	16	85077460	85088403	10944	1	9764	ENST00000562580.5	-1860	ENSG00000135709	KIAA0513	KIAA0513	7_EnhG1	GH16J085075;KIAA0513:9.15;ZDHHC7:4.98;HSALNG0113184:0.66;lnc-FAM92B-4:0.45;CIBAR2:0.29
GH16J085470	chr16	85470601	85471600	1000	*	2	Intron (ENST00000637419.1/23199, intron 2 of 2)	16	85555967	85654346	98380	1	23199	ENST00000635906.1	-84367	ENSG00000131149	GSE1	Gse1 coiled-coil protein	11_EnhWk	GH16J085470;ENSG00000270184:14.54;ENSG00000261243:14.32;RNU1-103P:11.69;KLHL36:11.24;HSALNG0113211:0.41;NONHSAG020184.2-001:0.41;GINS2:0.08;GSE1:0.05
GH16J085934	chr16	85936601	85941000	4400	*	2	Promoter (<=1kb)	16	85935281	85936223	943	2	107984811	ENST00000598933.1	-378	NA	LINC02132	long intergenic non-protein coding RNA 2132	8_EnhG2	GH16J085934;CM034966-331:250.66;LINC02132:250.66;IRF8:27.25;COX4I1:12.19;EMC8:10.70;ENSG00000270124:4.58;CM034966-330:0.41;ENSG00000285163:0.41;HSALNG0113249-001:0.41;FOXF1:0.03
GH16J085940	chr16	85936601	85941000	4400	*	2	Promoter (<=1kb)	16	85935281	85936223	943	2	107984811	ENST00000598933.1	-378	NA	LINC02132	long intergenic non-protein coding RNA 2132	8_EnhG2	GH16J085940;IRF8:11.55;LINC02132:0.66;LOC105371388:0.66;HSALNG0113249-001:0.41;CM034966-330:0.37;ENSG00000285163:0.37;FOXF1:0.03
GH16J085943	chr16	85943001	85951000	8000	*	3	Exon (ENST00000646214.1/105371388, exon 2 of 4)	16	85935281	85936223	943	2	107984811	ENST00000598933.1	-6778	NA	LINC02132	long intergenic non-protein coding RNA 2132	8_EnhG2	GH16J085943;LOC105371388:250.66;IRF8:11.55;LINC02132:0.45;CM034966-330:0.37;ENSG00000285163:0.37;HSALNG0113249-001:0.37;FOXF1:0.03
GH16J085944	chr16	85943001	85951000	8000	*	3	Exon (ENST00000646214.1/105371388, exon 2 of 4)	16	85935281	85936223	943	2	107984811	ENST00000598933.1	-6778	NA	LINC02132	long intergenic non-protein coding RNA 2132	8_EnhG2	GH16J085944;LOC105371388:250.66;IRF8:11.95;FOXL1:5.32;HSALNG0113252:0.41;CM034966-330:0.35;ENSG00000285163:0.35;HSALNG0113249-001:0.35;FOXF1:0.03
GH16J085949	chr16	85943001	85951000	8000	*	3	Exon (ENST00000646214.1/105371388, exon 2 of 4)	16	85935281	85936223	943	2	107984811	ENST00000598933.1	-6778	NA	LINC02132	long intergenic non-protein coding RNA 2132	8_EnhG2	GH16J085949;IRF8:11.93;LOC105371388:0.66;HSALNG0113252:0.41;ENSG00000285163:0.35;HSALNG0113249-001:0.35;FOXF1:0.03
GH16J085978	chr16	85978001	85979200	1200	*	2	Intron (ENST00000645754.1/ENST00000645754.1, intron 2 of 2)	16	85935281	85936223	943	2	107984811	ENST00000598933.1	-41778	NA	LINC02132	long intergenic non-protein coding RNA 2132	11_EnhWk	GH16J085978;IRF8:6.42;COX4I1:1.43;ENSG00000269667:0.66;piR-58538-016:0.66;CM034966-332:0.45;ENSG00000285040:0.45;LOC124903741:0.45;ENSG00000285163:0.24;FOXF1:0.03
GH16J087865	chr16	87866601	87867000	400	*	2	Promoter (2-3kb)	16	87830023	87869507	39485	2	8140	ENST00000261622.5	2507	ENSG00000103257	SLC7A5	solute carrier family 7 member 5	11_EnhWk	GH16J087865;SLC7A5:250.66;ZC3H18:22.76;BANP:15.52;KLHDC4:13.08;CTU2:10.73;TRAPPC2L:10.13;CA5A:8.33;ZCCHC14:6.68;MAP1LC3B:1.77;FBXO31:1.40;CM021583-050:0.45;CM034966-354:0.45;piR-51033-003:0.45
GH16J088905	chr16	88906001	88908600	2600	*	2	Intron (ENST00000327483.9/863, intron 1 of 10)	16	88892285	88902515	10231	2	863	ENST00000562719.5	-3486	ENSG00000129993	CBFA2T3	CBFA2/RUNX1 partner transcriptional co-repressor 3	7_EnhG1	GH16J088905;HSALNG0113558:250.66;HSALNG0113559:250.66;CBFA2T3:19.33;RNF166:5.04;ENSG00000261226:4.66;LOC102724632:0.66;PABPN1L:0.29
GH16J089162	chr16	89161601	89164600	3000	*	4	Promoter (1-2kb)	16	89166383	89169147	2765	1	400558	ENST00000378340.1	-1783	ENSG00000205015	LINC02138	long intergenic non-protein coding RNA 2138	11_EnhWk	GH16J089162;CM034966-370:250.66;LINC00304:250.45;lnc-SLC22A31-8:0.66;CDH15:0.45;ACSF3:0.20
GH16J089163	chr16	89161601	89164600	3000	*	4	Promoter (1-2kb)	16	89166383	89169147	2765	1	400558	ENST00000378340.1	-1783	ENSG00000205015	LINC02138	long intergenic non-protein coding RNA 2138	11_EnhWk	GH16J089163;CM034966-370:250.66;ACSF3:20.19;LINC00304:15.09;LOC105371414:4.75;CM034966-371:0.66;LINC02138:0.66;CDH15:0.45
GH16J089468	chr16	89468601	89473000	4400	*	2	Intron (ENST00000378330.7/29123, intron 1 of 13)	16	89291728	89489193	197466	2	29123	ENST00000562816.5	16193	ENSG00000167522	ANKRD11	ankyrin repeat domain 11	10_EnhA2	GH16J089468;RNU6-430P:12.32;RPL13:12.25;DBNDD1:9.79;piR-55985-069:0.45;piR-58899-009:0.45;ANKRD11:0.35;lnc-SLC22A31-7:0.35;LOC128462377:0.24
GH16J089469	chr16	89468601	89473000	4400	*	2	Intron (ENST00000378330.7/29123, intron 1 of 13)	16	89291728	89489193	197466	2	29123	ENST00000562816.5	16193	ENSG00000167522	ANKRD11	ankyrin repeat domain 11	10_EnhA2	GH16J089469;RNU6-430P:12.32;CDK10:7.26;piR-55985-069:0.45;piR-58899-009:0.45;ANKRD11:0.35;lnc-SLC22A31-7:0.35;LOC128462377:0.24
GH16J089470	chr16	89468601	89473000	4400	*	2	Intron (ENST00000378330.7/29123, intron 1 of 13)	16	89291728	89489193	197466	2	29123	ENST00000562816.5	16193	ENSG00000167522	ANKRD11	ankyrin repeat domain 11	10_EnhA2	GH16J089470;RPL13:16.21;AFG3L1P:14.81;RNU6-430P:12.76;SPG7:12.00;GAS8-AS1:10.48;ACSF3:5.73;piR-55985-069:0.66;piR-58899-009:0.41;ANKRD11:0.37;lnc-SLC22A31-7:0.37;LOC128462377:0.23
GH17J001735	chr17	1736801	1738200	1400	*	2	3' UTR	17	1742836	1755265	12430	1	5345	ENST00000324015.7	-4636	ENSG00000167711	SERPINF2	serpin family F member 2	10_EnhA2	GH17J001735;ENSG00000262791:250.66;SERPINF2:26.27;TLCD2:8.08;MIR22HG:6.77;HSALNG0113840:0.66;WDR81:0.35
GH17J001974	chr17	1973601	1976000	2400	*	3	Intron (ENST00000331238.7/146760, intron 1 of 1)	17	2017716	2019102	1387	1	105371485	ENST00000572287.1	-41716	ENSG00000228133	LOC105371485	uncharacterized LOC105371485	11_EnhWk	GH17J001974;DPH1:11.79;RPA1:10.64;SMYD4:10.64;SNORD91A:9.78;SNORD91B:9.78;lnc-DPH1-3:0.45;RF00017-2227:0.41;RTN4RL1:0.26;RF00017-2224:0.11
GH17J004624	chr17	4619601	4623600	4000	*	2	Exon (ENST00000410497.1/ENST00000410497.1, exon 1 of 1)	17	4610449	4617650	7202	1	400568	ENST00000573270.1	9152	ENSG00000261863	LINC01996	long intergenic non-protein coding RNA 1996	7_EnhG1	GH17J004624;ENSG00000262227:12.37;GGT6:11.45;ANKFY1:10.89;ARRB2:6.48;C17orf114:5.61;HSALNG0114027-002:0.66;HSALNG0114027-003:0.66;HSALNG0114030:0.66;LOC105371498:0.66;RF00026-402:0.45;RNU6-955P:0.45;ALOX15:0.37;SMTNL2:0.27
GH17J034203	chr17	34206801	34208000	1200	*	3	Distal Intergenic	17	34169372	34195937	26566	2	101927239	ENST00000580792.1	-10864	ENSG00000261156	LINC01989	long intergenic non-protein coding RNA 1989	9_EnhA1	GH17J034203;CCL7:33.22;CCL1:12.51;CCL8:10.81;ASIC2:10.74;CCL2:5.31;lnc-CCL2-13:0.66;piR-46256-013:0.45;LINC01989:0.41
GH17J040478	chr17	40487001	40490600	3600	*	3	Exon (ENST00000254051.11/84951, exon 3 of 13)	17	40475828	40480875	5048	2	84951	ENST00000394072.7	-6126	ENSG00000131746	TNS4	tensin 4	7_EnhG1	GH17J040478;TNS4:257.72;SNORD124:23.38;IGFBP4:15.81;SMARCE1:12.69;KRT10:12.49;RPL23AP75:11.49;MED24:11.47;TOP2A:10.94;RAPGEFL1:7.10;CDC6:4.77;ORMDL3:4.68;WIPF2:4.15;THRA:3.31;KRT222:2.70;KRT24:2.15;MSL1:1.92;GJD3:1.29;lnc-IGFBP4-5:0.45;lnc-TNS4-1:0.45;piR-56133-089:0.45
GH17J057911	chr17	57915601	57918800	3200	*	6	Intron (ENST00000579285.1/107985065, intron 1 of 1)	17	57912364	57915139	2776	1	107985065	ENST00000580184.1	3237	NA	LOC107985065	uncharacterized LOC107985065	8_EnhG2	GH17J057911;CUEDC1:11.75;MRPS23:11.32;VEZF1:4.94;ENSG00000264914:0.66;LOC107985065:0.66;HSALNG0117670:0.35
GH17J074557	chr17	74557401	74559400	2000	*	3	Distal Intergenic	17	74560701	74567343	6643	2	100130520	ENST00000641710.1	7943	ENSG00000284690	CD300H	CD300H molecule (gene/pseudogene)	7_EnhG1	GH17J074557;lnc-CD300C-2:250.66;CD300C:11.85;ENSG00000236770:11.84;CD300LB:11.73;CD300LD:11.65;CD300E:11.57;GPR142:11.12;ENSG00000261222:11.07;CD300H:0.45;lnc-CD300LD-1:0.45
GH17J075085	chr17	75096201	75096400	200	*	3	Promoter (2-3kb)	17	75093356	75100371	7016	1	9121	ENST00000584118.1	2845	ENSG00000170190	SLC16A5	solute carrier family 16 member 5	9_EnhA1	GH17J075085;SLC16A5:263.57;ENSG00000206713:250.66;HSALNG0118709:250.66;UNK:77.55;NUP85:76.33;NT5C:66.94;GGA3:63.21;ENSG00000266980:62.06;ENSG00000267342:40.73;NAT9:26.55;TRIM65:21.11;SAP30BP:19.54;CDK3:19.20;MGC16275:14.00;RN7SL573P:11.96;FBF1:10.99;MIF4GD:10.95;SUMO2:10.50;SRP68:10.21;ENSG00000270993:10.06;RECQL5:9.78;MRPS7:7.39;MRPL58:6.29;MYO15B:6.05;MIF4GD-DT:5.66;ATP5PD:5.46;TSEN54:5.33;ARMC7:5.00;CDR2L:4.94;SMIM6:4.79;KCTD2:4.71;LLGL2:2.17;HSALNG0118706:0.66;HSALNG0118708:0.41
GH17J075472	chr17	75473401	75473800	400	*	2	Promoter (2-3kb)	17	75476498	75499744	23247	1	9772	ENST00000375248.9	-2698	ENSG00000177728	TMEM94	transmembrane protein 94	8_EnhG2	GH17J075472;MK280144-276:0.45;HSALNG0118752:0.35;TMEM94:0.31;CASKIN2:0.27
GH17J076336	chr17	76335001	76337600	2600	*	2	Exon (ENST00000384440.1/ENST00000384440.1, exon 1 of 1)	17	76313824	76330301	16478	2	5635	ENST00000586137.1	-4700	ENSG00000161542	PRPSAP1	phosphoribosyl pyrophosphate synthetase associated protein 1	11_EnhWk	GH17J076336;KR153194-076:250.66;RF00026-443:250.66;RNU6-24P:250.66;SPHK1:11.89;SNHG20:11.89;QRICH2:11.63;ENSG00000267342:10.28;EXOC7:10.14;PRPSAP1:9.77
GH17J076901	chr17	76892401	76901800	9400	*	2	Intron (ENST00000569840.7/146664, intron 3 of 17)	17	76872711	76949447	76737	1	146664	ENST00000565043.5	19690	ENSG00000167889	MGAT5B	alpha-1,6-mannosylglycoprotein 6-beta-N-acetylglucosaminyltransferase B	7_EnhG1	GH17J076901;MGAT5B:6.01;piR-41306-119:0.45;SEC14L1:0.08
GH17J078733	chr17	78733601	78735400	1800	*	3	Promoter (1-2kb)	17	78698269	78736890	38622	2	9267	ENST00000589768.5	1490	ENSG00000108669	CYTH1	cytohesin 1	11_EnhWk	GH17J078733;CYTH1:291.75;USP36:54.50;SOCS3:11.96;RNU6-638P:11.69;TNRC6C:11.66;DNAH17:9.95;ENGASE:7.69;TNRC6C-AS1:6.03;PGS1:5.04;lnc-C1QTNF1-9:0.41;lnc-USP36-4:0.29
GH17J078788	chr17	78792601	78795000	2400	*	2	Intron (ENST00000587010.5/57602, intron 3 of 3)	17	78787466	78798455	10990	2	57602	ENST00000591052.5	3455	ENSG00000055483	USP36	ubiquitin specific peptidase 36	9_EnhA1	GH17J078788;HSALNG0119057:250.66;HSALNG0119058:250.66;HSALNG0119059:250.66;USP36:31.44;CYTH1:19.23;RNU6-638P:10.93;PGS1:9.99;TNRC6C-AS1:5.49;HSALNG0119056:0.66
GH17J078793	chr17	78792601	78795000	2400	*	2	Intron (ENST00000587010.5/57602, intron 3 of 3)	17	78787466	78798455	10990	2	57602	ENST00000591052.5	3455	ENSG00000055483	USP36	ubiquitin specific peptidase 36	9_EnhA1	GH17J078793;HSALNG0119059:250.66;RNU6-638P:10.93;CYTH1:10.71;PGS1:9.99;HSALNG0119062:0.66;USP36:0.26
GH17J078865	chr17	78864801	78866400	1600	*	4	Intron (ENST00000585421.5/7077, intron 3 of 4)	17	78852981	78874089	21109	2	7077	ENST00000586057.5	7689	ENSG00000035862	TIMP2	TIMP metallopeptidase inhibitor 2	9_EnhA1	GH17J078865;lnc-C1QTNF1-10:0.66;LOC124904068:0.66;RF00017-2588:0.66;USP36:0.35;CEP295NL:0.29;lnc-CEP295NL-1:0.23;TIMP2:0.23
GH17J079792	chr17	79798801	79799800	1000	*	2	Promoter (<=1kb)	17	79795049	79798331	3283	2	57332	ENST00000413392.5	-470	ENSG00000141570	CBX8	chromobox 8	11_EnhWk	GH17J079792;CBX8:272.70;USP36:27.19;CBX4:11.80;HSALNG0119130:0.66;lnc-CBX8-1:0.45;piR-42078:0.45;CBX2:0.37
GH17J080544	chr17	80544801	80545800	1000	*	6	Promoter (<=1kb)	17	80544819	80858124	313306	1	57521	ENST00000574767.5	0	ENSG00000141564	RPTOR	regulatory associated protein of MTOR complex 1	8_EnhG2	GH17J080544;RPTOR:258.03;ENSG00000289764:250.66;ENSG00000262877:11.54;NPTX1:8.54;piR-42694-070:0.66;MK280269-022:0.23;LOC124904075:0.05;lnc-TMEM105-1:0.02
GH18J013370	chr18	13371401	13372400	1000	*	2	Promoter (2-3kb)	18	13375083	13389812	14730	1	753	ENST00000676815.1	-2683	ENSG00000168675	LDLRAD4	low density lipoprotein receptor class A domain containing 4	11_EnhWk	GH18J013370;CM034968-069:0.45;ENSG00000267393:0.45;CM034968-070:0.23;LDLRAD4:0.11;lnc-LDLRAD4-1:0.11;RNMT:0.05
GH18J013371	chr18	13371401	13372400	1000	*	2	Promoter (2-3kb)	18	13375083	13389812	14730	1	753	ENST00000676815.1	-2683	ENSG00000168675	LDLRAD4	low density lipoprotein receptor class A domain containing 4	11_EnhWk	GH18J013371;CM034968-069:0.45;ENSG00000267393:0.45;CM034968-070:0.23;LDLRAD4:0.11;lnc-LDLRAD4-1:0.11;RNMT:0.05
GH18J074115	chr18	74114001	74114800	800	*	3	Intron (ENST00000583443.5/201456, intron 8 of 9)	18	74073444	74123510	50067	2	201456	ENST00000580088.1	8710	ENSG00000141665	FBXO15	F-box protein 15	8_EnhG2	GH18J074115;TIMM21:8.48;FBXO15:7.21;CYB5A:5.98;HSALNG0122420:0.41;lnc-CYB5A-3:0.37
GH19J011202	chr19	11202801	11204800	2000	*	2	Promoter (<=1kb)	19	11203628	11216168	12541	1	105372273	ENST00000588634.1	0	ENSG00000267082	LOC105372273	uncharacterized LOC105372273	9_EnhA1	GH19J011202;HSALNG0124000-002:250.66;ANGPTL8:12.84;DOCK6:12.76;KANK2:6.39;DOCK6-AS1:5.47;ENSG00000279807:0.66;HSALNG0124000-003:0.66
GH19J038543	chr19	38545401	38546400	1000	*	3	Intron (ENST00000359596.8/6261, intron 87 of 105)	19	38534760	38548372	13613	1	6261	ENST00000593322.1	10641	ENSG00000196218	RYR1	ryanodine receptor 1	11_EnhWk	GH19J038543;HNRNPL:92.26;ZFP30:84.89;ZNF571:79.63;ZNF607:66.62;ZNF573:53.24;ZNF781:33.25;PAF1:31.45;ENSG00000267152:29.32;SUPT5H:27.25;PLEKHG2:21.82;WDR87BP:21.04;ENSG00000269688:20.25;FBXO17:12.52;FAM98C:11.37;RN7SL566P:11.35;ZNF540:10.95;RYR1:10.87;RASGRP4:10.86;ENSG00000267640:10.45;SAMD4B:10.07;FBXO27:10.03;EID2B:9.74;RPS16:9.68;PAK4:9.52;SPINT2:4.38;LOC124904710:0.45;RF00017-2983:0.35;MAP4K1:0.20
GH19J054850	chr19	54850001	54851000	1000	*	3	Promoter (<=1kb)	19	54850443	54867207	16765	1	3812	ENST00000326321.7	0	ENSG00000240403	KIR3DL2	killer cell immunoglobulin like receptor, three Ig domains and long cytoplasmic tail 2	11_EnhWk	GH19J054850;KIR3DL2:250.66;RF00026-501:0.37;FCAR:0.35;HSALNG0020226-298:0.06
GH20J019867	chr20	19867001	19867200	200	*	3	Intron (ENST00000432334.2/54453, intron 3 of 3)	20	19886521	20002457	115937	1	54453	ENST00000648440.1	-19321	ENSG00000132669	RIN2	Ras and Rab interactor 2	11_EnhWk	GH20J019867;piR-48325-100:250.66;piR-49713-011:250.66;RIN2:17.21;RPL12P12:4.81;piR-52294-075:0.66;NAA20:0.11;lnc-RIN2-2:0.10
GH20J023112	chr20	23112601	23114600	2000	*	2	Distal Intergenic	20	23125068	23132631	7564	2	200261	ENST00000443744.2	18031	ENSG00000233746	LINC00656	long intergenic non-protein coding RNA 656	9_EnhA1	GH20J023112;CD93:31.26;lnc-CD93-6:0.45;HSALNG0129212:0.37;NXT1:0.07
GH20J023113	chr20	23112601	23114600	2000	*	2	Distal Intergenic	20	23125068	23132631	7564	2	200261	ENST00000443744.2	18031	ENSG00000233746	LINC00656	long intergenic non-protein coding RNA 656	9_EnhA1	GH20J023113;CD93:31.15;NAPB:12.07;lnc-CD93-6:0.45;HSALNG0129212:0.37;NXT1:0.07
GH20J036010	chr20	36010001	36011200	1200	*	2	3' UTR	20	36045618	36051018	5401	2	647979	ENST00000565493.2	39818	ENSG00000260032	NORAD	non-coding RNA activated by DNA damage	9_EnhA1	GH20J036010;MG828730-035:0.45;lnc-CNBD2-1:0.32;SCAND1:0.24;CNBD2:0.23;EPB41L1:0.18
GH21J037537	chr21	37535801	37537000	1200	*	2	Distal Intergenic	21	37501326	37512064	10739	1	1859	ENST00000646351.1	34475	ENSG00000157540	DYRK1A	dual specificity tyrosine phosphorylation regulated kinase 1A	9_EnhA1	GH21J037537;piR-38051-176:0.66;KCNJ6-AS1:0.37;DYRK1A:0.09;KCNJ6:0.03
GH21J039643	chr21	39643801	39647200	3400	*	2	Promoter (1-2kb)	21	39642385	39661492	19108	1	10317	ENST00000682542.1	1416	ENSG00000183778	B3GALT5	beta-1,3-galactosyltransferase 5	9_EnhA1	GH21J039643;lnc-IGSF5-3:250.66;B3GALT5-AS1:34.30;IGSF5:7.09;CM034971-097:0.41;ENSG00000225330:0.41;RF00994-605:0.41;B3GALT5:0.17
GH21J045506	chr21	45506201	45509000	2800	*	2	Promoter (<=1kb)	21	45506019	45512567	6549	1	80781	ENST00000473212.1	182	ENSG00000182871	COL18A1	collagen type XVIII alpha 1 chain	7_EnhG1	GH21J045506;SLC19A1:7.28;lnc-POFUT2-4:0.66;lnc-POFUT2-5:0.66;COL18A1:0.15
GH21J045508	chr21	45506201	45509000	2800	*	2	Promoter (<=1kb)	21	45506019	45512567	6549	1	80781	ENST00000473212.1	182	ENSG00000182871	COL18A1	collagen type XVIII alpha 1 chain	7_EnhG1	GH21J045508;lnc-POFUT2-5:250.66;UBE2G2:15.80;ENSG00000228137:14.77;MCM3AP:14.64;COL6A1:14.50;POFUT2:11.19;COL6A2-DT:10.93;DIP2A:10.84;COL6A2:10.01;lnc-POFUT2-4:0.66;SLC19A1:0.21;COL18A1:0.15
GH21J045573	chr21	45574601	45576600	2000	*	3	Distal Intergenic	21	45514715	45563115	48401	2	6573	ENST00000650808.1	-11486	ENSG00000173638	SLC19A1	solute carrier family 19 member 1	9_EnhA1	GH21J045573;HSALNG0133659:250.66;SLC19A1:250.66;PCBP3:15.77;piR-48325-112:0.45
GH22J036564	chr22	36563001	36563400	400	*	3	3' UTR	22	36523115	36529184	6070	2	8664	ENST00000432675.4	-33817	ENSG00000100353	EIF3D	eukaryotic translation initiation factor 3 subunit D	11_EnhWk	GH22J036564;CM034972-142:250.66;ENSG00000261675:250.66;NCF4:10.26;TMPRSS6:9.59;ENSG00000231467:9.59;RF00017-3861:0.45;EIF3D:0.31;CACNG2:0.11
GH22J040682	chr22	40685201	40686800	1600	*	2	Downstream (2-3kb)	22	40680107	40681412	1306	1	2847	ENST00000465662.1	5094	ENSG00000128285	MCHR1	melanin concentrating hormone receptor 1	7_EnhG1	GH22J040682;ENSG00000289292:250.66;lnc-MKL1-2:250.66;LOC124905123:250.66;XPNPEP3:18.04;MRTFA-AS1:10.50;ST13:9.92;MCHR1:3.36;HSALNG0147296:0.41;SLC25A17:0.12
GH22J046472	chr22	46472401	46473200	800	*	2	Intron (ENST00000262738.9/9620, intron 1 of 34)	22	46530308	46534200	3893	2	9620	ENST00000497509.1	61000	ENSG00000075275	CELSR1	cadherin EGF LAG seven-pass G-type receptor 1	7_EnhG1	GH22J046472;CELSR1:28.50;LINC02925:11.64;lnc-CERK-4:0.45;piR-55985-125:0.37;TRMU:0.11;lnc-CDPF1-1:0.08;RF00017-3912:0.04
